Regiao;cod_uf;uf;codmun;nomemun;cod_microregiao;nome_microregiao;cod_mesoregiao;nome_mesoregiao;numero_unidades_locais;pessoal_ocupado_total;pessoal_ocupado_assalariado;salarios_e_outras_remuneracoes;salario_medio_mensal;numero_empresas_atuantes
Nordeste;23;CE;230010;Abaiara;23033;Brejo Santo;2307;Sul Cearense;90;737;656;3018;0.9;90
Nordeste;23;CE;230070;Alto Santo;23023;Baixo Jaguaribe;2305;Jaguaribe;212;1142;918;3836;0.8;211
Nordeste;23;CE;230110;Aracati;23022;Litoral de Aracati;2305;Jaguaribe;1210;8314;6984;69498;1.8;1180
Nordeste;23;CE;230170;Aurora;23031;Barro;2307;Sul Cearense;289;2118;1897;9058;0.9;284
Nordeste;23;CE;230180;Baixio;23028;Lavras da Mangabeira;2306;Centro-Sul Cearense;74;457;385;2178;1;72
Nordeste;23;CE;230190;Barbalha;23032;Cariri;2307;Sul Cearense;674;6524;5838;45552;1.6;661
Nordeste;23;CE;230200;Barro;23031;Barro;2307;Sul Cearense;131;1356;1243;8219;1.3;130
Nordeste;23;CE;230250;Brejo Santo;23033;Brejo Santo;2307;Sul Cearense;620;3171;2439;18269;1.3;603
Nordeste;23;CE;230320;Cariria˛u;23030;Cariria˛u;2307;Sul Cearense;264;1342;1134;9492;1.3;264
Nordeste;23;CE;230380;Cedro;23026;Iguatu;2306;Centro-Sul Cearense;401;1687;1247;9931;1.7;399
Nordeste;23;CE;230420;Crato;23032;Cariri;2307;Sul Cearense;2205;16507;14208;137302;1.9;2140
Nordeste;23;CE;230427;Erer€;23025;Serra do Pereiro;2305;Jaguaribe;39;609;576;3111;1;39
Nordeste;23;CE;230480;Granjeiro;23030;Cariria˛u;2307;Sul Cearense;45;195;174;1098;1.2;45
Nordeste;23;CE;230535;Icapu›;23022;Litoral de Aracati;2305;Jaguaribe;453;2312;1967;18211;1.8;453
Nordeste;23;CE;230540;Icæ;23026;Iguatu;2306;Centro-Sul Cearense;827;5074;4063;29195;1.5;809
Nordeste;23;CE;230570;Ipaumirim;23028;Lavras da Mangabeira;2306;Centro-Sul Cearense;204;870;673;4845;1.4;201
Nordeste;23;CE;230600;Iracema;23025;Serra do Pereiro;2305;Jaguaribe;270;1225;992;6916;1.3;267
Nordeste;23;CE;230620;Itai˛aba;23022;Litoral de Aracati;2305;Jaguaribe;78;493;420;3125;1.4;78
Nordeste;23;CE;230670;Jaguaretama;23024;M⁄dio Jaguaribe;2305;Jaguaribe;253;1268;1101;6785;1.3;252
Nordeste;23;CE;230680;Jaguaribara;23024;M⁄dio Jaguaribe;2305;Jaguaribe;147;754;611;4929;1.7;147
Nordeste;23;CE;230690;Jaguaribe;23024;M⁄dio Jaguaribe;2305;Jaguaribe;662;2602;1920;18141;1.7;654
Nordeste;23;CE;230700;Jaguaruana;23023;Baixo Jaguaribe;2305;Jaguaribe;344;3058;2708;22428;1.5;341
Nordeste;23;CE;230710;Jardim;23032;Cariri;2307;Sul Cearense;282;1755;1548;11266;1.4;282
Nordeste;23;CE;230720;Jati;23033;Brejo Santo;2307;Sul Cearense;110;687;603;2555;0.8;110
Nordeste;23;CE;230730;Juazeiro do Norte;23032;Cariri;2307;Sul Cearense;5360;35616;29988;250171;1.6;5215
Nordeste;23;CE;230750;Lavras da Mangabeira;23028;Lavras da Mangabeira;2306;Centro-Sul Cearense;369;1579;1310;12041;1.8;368
Nordeste;23;CE;230760;Limoeiro do Norte;23023;Baixo Jaguaribe;2305;Jaguaribe;1153;6140;4887;34574;1.3;1125
Nordeste;23;CE;230810;Mauriti;23031;Barro;2307;Sul Cearense;400;1862;1599;14291;1.4;397
Nordeste;23;CE;230830;Milagres;23033;Brejo Santo;2307;Sul Cearense;253;1726;1511;14218;1.6;251
Nordeste;23;CE;230840;Miss“o Velha;23032;Cariri;2307;Sul Cearense;330;2317;1992;20542;2.2;325
Nordeste;23;CE;230870;Morada Nova;23023;Baixo Jaguaribe;2305;Jaguaribe;676;5402;4710;43570;1.9;664
Nordeste;23;CE;231000;Palhano;23023;Baixo Jaguaribe;2305;Jaguaribe;49;598;559;3071;1.1;48
Nordeste;23;CE;231060;Penaforte;23033;Brejo Santo;2307;Sul Cearense;100;617;526;3337;1.2;100
Nordeste;23;CE;231080;Pereiro;23025;Serra do Pereiro;2305;Jaguaribe;184;956;794;6258;1.5;184
Nordeste;23;CE;231110;Porteiras;23032;Cariri;2307;Sul Cearense;179;1233;1121;6553;1.2;179
Nordeste;23;CE;231123;Potiretama;23025;Serra do Pereiro;2305;Jaguaribe;67;396;344;2085;1.2;66
Nordeste;23;CE;231150;Quixer⁄;23023;Baixo Jaguaribe;2305;Jaguaribe;204;4079;3894;24668;1.5;201
Nordeste;23;CE;231180;Russas;23023;Baixo Jaguaribe;2305;Jaguaribe;1028;12045;11097;78428;1.4;1010
Nordeste;23;CE;231250;S“o Jo“o do Jaguaribe;23023;Baixo Jaguaribe;2305;Jaguaribe;64;407;344;3922;1.8;64
Nordeste;23;CE;231310;Tabuleiro do Norte;23023;Baixo Jaguaribe;2305;Jaguaribe;305;2083;1769;14971;1.7;295
Nordeste;23;CE;231370;Umari;23028;Lavras da Mangabeira;2306;Centro-Sul Cearense;54;540;485;1105;0.4;54
Nordeste;23;CE;231400;Vﬂrzea Alegre;23027;Vﬂrzea Alegre;2306;Centro-Sul Cearense;592;2681;2163;11759;1;584
Nordeste;24;RN;240010;Acari;24012;Seridæ Oriental;2402;Central Potiguar;263;1091;899;7536;1.6;252
Nordeste;24;RN;240020;A˛u;24004;Vale do A˛u;2401;Oeste Potiguar;910;5431;4432;40655;1.7;887
Nordeste;24;RN;240030;Afonso Bezerra;24009;Angicos;2402;Central Potiguar;52;544;500;4492;1.7;52
Nordeste;24;RN;240040;#NOME?;24005;Serra de S“o Miguel;2401;Oeste Potiguar;36;221;202;1623;1.3;36
Nordeste;24;RN;240050;Alexandria;24006;Pau dos Ferros;2401;Oeste Potiguar;179;882;739;5225;1.3;179
Nordeste;24;RN;240060;Almino Afonso;24007;Umarizal;2401;Oeste Potiguar;82;246;176;1284;1.4;82
Nordeste;24;RN;240070;Alto do Rodrigues;24004;Vale do A˛u;2401;Oeste Potiguar;217;3820;3589;86656;4.5;217
Nordeste;24;RN;240080;Angicos;24009;Angicos;2402;Central Potiguar;264;1039;776;7061;1.7;264
Nordeste;24;RN;240090;Ant∂nio Martins;24007;Umarizal;2401;Oeste Potiguar;66;330;279;1643;1.1;66
Nordeste;24;RN;240100;Apodi;24002;Chapada do Apodi;2401;Oeste Potiguar;504;2239;1820;16014;1.7;493
Nordeste;24;RN;240110;Areia Branca;24001;Mossoræ;2401;Oeste Potiguar;347;4227;3835;41182;2.1;339
Nordeste;24;RN;240130;Augusto Severo;24003;M⁄dio Oeste;2401;Oeste Potiguar;122;494;435;3203;1.3;121
Nordeste;24;RN;240145;Bara∑na;24001;Mossoræ;2401;Oeste Potiguar;167;2562;2375;12749;1.2;165
Nordeste;24;RN;240165;Bodæ;24010;Serra de Santana;2402;Central Potiguar;12;281;274;2344;1.6;12
Nordeste;24;RN;240190;Cai˛ara do Rio do Vento;24009;Angicos;2402;Central Potiguar;20;326;312;2717;1.7;20
Nordeste;24;RN;240200;Caicæ;24011;Seridæ Ocidental;2402;Central Potiguar;1317;8934;7048;61725;1.6;1243
Nordeste;24;RN;240230;Cara∑bas;24002;Chapada do Apodi;2401;Oeste Potiguar;295;1108;899;8792;1.8;290
Nordeste;24;RN;240240;Carna∑ba dos Dantas;24012;Seridæ Oriental;2402;Central Potiguar;165;1228;1078;6230;1.1;165
Nordeste;24;RN;240250;Carnaubais;24004;Vale do A˛u;2401;Oeste Potiguar;68;1043;989;9316;1.4;63
Nordeste;24;RN;240290;Coronel Jo“o Pessoa;24005;Serra de S“o Miguel;2401;Oeste Potiguar;27;265;258;1839;1.3;27
Nordeste;24;RN;240300;Cruzeta;24012;Seridæ Oriental;2402;Central Potiguar;97;831;745;5183;1.4;95
Nordeste;24;RN;240310;Currais Novos;24012;Seridæ Oriental;2402;Central Potiguar;797;5031;4130;36076;1.6;755
Nordeste;24;RN;240320;Doutor Severiano;24005;Serra de S“o Miguel;2401;Oeste Potiguar;47;336;311;2900;1.8;47
Nordeste;24;RN;240330;Encanto;24005;Serra de S“o Miguel;2401;Oeste Potiguar;39;236;211;1669;1.5;39
Nordeste;24;RN;240340;Equador;24012;Seridæ Oriental;2402;Central Potiguar;135;637;532;4265;1.5;134
Nordeste;24;RN;240370;Felipe Guerra;24002;Chapada do Apodi;2401;Oeste Potiguar;59;302;268;2664;1.9;58
Nordeste;24;RN;240375;Fernando Pedroza;24009;Angicos;2402;Central Potiguar;34;227;200;1998;1.4;34
Nordeste;24;RN;240380;Flor‘nia;24010;Serra de Santana;2402;Central Potiguar;153;587;445;3107;1.4;153
Nordeste;24;RN;240390;Francisco Dantas;24006;Pau dos Ferros;2401;Oeste Potiguar;44;192;178;1089;1.1;44
Nordeste;24;RN;240400;Frutuoso Gomes;24007;Umarizal;2401;Oeste Potiguar;39;329;295;1700;1.1;39
Nordeste;24;RN;240430;Governador Dix-Sept Rosado;24002;Chapada do Apodi;2401;Oeste Potiguar;109;953;867;13612;3;107
Nordeste;24;RN;240440;Grossos;24001;Mossoræ;2401;Oeste Potiguar;96;841;730;7106;1.7;92
Nordeste;24;RN;240470;Ipangua˛u;24004;Vale do A˛u;2401;Oeste Potiguar;134;2306;2210;20073;1.4;130
Nordeste;24;RN;240480;Ipueira;24011;Seridæ Ocidental;2402;Central Potiguar;18;231;228;1747;1.5;18
Nordeste;24;RN;240485;Itajﬂ;24004;Vale do A˛u;2401;Oeste Potiguar;73;829;749;6470;1.3;73
Nordeste;24;RN;240490;Ita∑;24006;Pau dos Ferros;2401;Oeste Potiguar;64;391;356;2435;1.3;61
Nordeste;24;RN;240520;Jandu›s;24003;M⁄dio Oeste;2401;Oeste Potiguar;77;434;358;2844;1.6;77
Nordeste;24;RN;240550;Jardim de Angicos;24009;Angicos;2402;Central Potiguar;18;211;192;1677;1.5;17
Nordeste;24;RN;240560;Jardim de Piranhas;24011;Seridæ Ocidental;2402;Central Potiguar;236;1907;1575;10733;1.3;230
Nordeste;24;RN;240570;Jardim do Seridæ;24012;Seridæ Oriental;2402;Central Potiguar;328;1489;1075;9392;1.5;321
Nordeste;24;RN;240590;Jo“o Dias;24007;Umarizal;2401;Oeste Potiguar;18;173;157;869;1;18
Nordeste;24;RN;240600;Jos⁄ da Penha;24006;Pau dos Ferros;2401;Oeste Potiguar;66;331;289;1798;1.2;65
Nordeste;24;RN;240610;Jucurutu;24004;Vale do A˛u;2401;Oeste Potiguar;168;1478;1342;10863;1.6;157
Nordeste;24;RN;240650;Lagoa Nova;24010;Serra de Santana;2402;Central Potiguar;151;1359;1244;11104;1.7;150
Nordeste;24;RN;240670;Lajes;24009;Angicos;2402;Central Potiguar;155;783;628;5805;1.7;154
Nordeste;24;RN;240690;Lucr⁄cia;24007;Umarizal;2401;Oeste Potiguar;65;211;170;1638;1.4;65
Nordeste;24;RN;240700;Lu›s Gomes;24005;Serra de S“o Miguel;2401;Oeste Potiguar;88;461;388;3350;1.6;88
Nordeste;24;RN;240720;Macau;24008;Macau;2402;Central Potiguar;609;4020;3357;37310;2.1;593
Nordeste;24;RN;240725;Major Sales;24005;Serra de S“o Miguel;2401;Oeste Potiguar;24;149;134;1130;1.5;24
Nordeste;24;RN;240730;Marcelino Vieira;24006;Pau dos Ferros;2401;Oeste Potiguar;108;670;454;3442;1.5;108
Nordeste;24;RN;240740;Martins;24007;Umarizal;2401;Oeste Potiguar;173;609;479;3839;1.5;168
Nordeste;24;RN;240760;Messias Targino;24003;M⁄dio Oeste;2401;Oeste Potiguar;51;302;258;1807;1.3;47
Nordeste;24;RN;240800;Mossoræ;24001;Mossoræ;2401;Oeste Potiguar;4810;54887;49211;725305;2.8;4569
Nordeste;24;RN;240840;Olho-d'-gua do Borges;24007;Umarizal;2401;Oeste Potiguar;45;219;186;2217;1.4;45
Nordeste;24;RN;240850;Ouro Branco;24012;Seridæ Oriental;2402;Central Potiguar;96;557;395;3745;1.8;95
Nordeste;24;RN;240860;Paranﬂ;24006;Pau dos Ferros;2401;Oeste Potiguar;23;220;204;1314;1.2;23
Nordeste;24;RN;240870;Para∑;24003;M⁄dio Oeste;2401;Oeste Potiguar;29;343;316;2406;1.4;29
Nordeste;24;RN;240890;Parelhas;24012;Seridæ Oriental;2402;Central Potiguar;777;2960;2292;16293;1.4;756
Nordeste;24;RN;240930;Patu;24007;Umarizal;2401;Oeste Potiguar;164;662;518;4039;1.4;158
Nordeste;24;RN;240940;Pau dos Ferros;24006;Pau dos Ferros;2401;Oeste Potiguar;776;3034;2262;18193;1.6;754
Nordeste;24;RN;240960;Pedra Preta;24009;Angicos;2402;Central Potiguar;30;325;309;2027;1.6;30
Nordeste;24;RN;240970;Pedro Avelino;24009;Angicos;2402;Central Potiguar;63;278;199;3204;3;63
Nordeste;24;RN;240990;Pend€ncias;24004;Vale do A˛u;2401;Oeste Potiguar;127;1500;1355;12327;1.5;125
Nordeste;24;RN;241000;Pilßes;24006;Pau dos Ferros;2401;Oeste Potiguar;37;184;157;1160;1.4;36
Nordeste;24;RN;241020;Portalegre;24006;Pau dos Ferros;2401;Oeste Potiguar;72;402;362;3055;1.6;71
Nordeste;24;RN;241025;Porto do Mangue;24004;Vale do A˛u;2401;Oeste Potiguar;37;811;782;7557;1.8;37
Nordeste;24;RN;241050;Rafael Fernandes;24006;Pau dos Ferros;2401;Oeste Potiguar;49;156;131;1035;1.5;49
Nordeste;24;RN;241060;Rafael Godeiro;24007;Umarizal;2401;Oeste Potiguar;34;239;216;1463;1.3;33
Nordeste;24;RN;241070;Riacho da Cruz;24006;Pau dos Ferros;2401;Oeste Potiguar;29;200;183;1811;1.8;29
Nordeste;24;RN;241080;Riacho de Santana;24005;Serra de S“o Miguel;2401;Oeste Potiguar;27;260;250;1970;1.4;27
Nordeste;24;RN;241090;Riachuelo;24015;Agreste Potiguar;2403;Agreste Potiguar;42;401;369;2993;1.5;42
Nordeste;24;RN;241100;Rodolfo Fernandes;24006;Pau dos Ferros;2401;Oeste Potiguar;30;221;204;1451;1.3;30
Nordeste;24;RN;241105;Tibau;24001;Mossoræ;2401;Oeste Potiguar;59;510;393;2878;1.4;58
Nordeste;24;RN;241140;Santana do Matos;24010;Serra de Santana;2402;Central Potiguar;186;933;774;6383;1.5;181
Nordeste;24;RN;241142;Santana do Seridæ;24012;Seridæ Oriental;2402;Central Potiguar;62;302;271;2374;1.6;62
Nordeste;24;RN;241180;S“o Fernando;24011;Seridæ Ocidental;2402;Central Potiguar;33;402;291;1680;1.1;33
Nordeste;24;RN;241190;S“o Francisco do Oeste;24006;Pau dos Ferros;2401;Oeste Potiguar;44;356;328;1872;1.1;44
Nordeste;24;RN;241210;S“o Jo“o do Sabugi;24011;Seridæ Ocidental;2402;Central Potiguar;84;447;407;2311;1.2;81
Nordeste;24;RN;241240;S“o Jos⁄ do Seridæ;24012;Seridæ Oriental;2402;Central Potiguar;60;363;268;1625;1.2;59
Nordeste;24;RN;241250;S“o Miguel;24005;Serra de S“o Miguel;2401;Oeste Potiguar;238;1135;931;7879;1.6;235
Nordeste;24;RN;241280;S“o Rafael;24004;Vale do A˛u;2401;Oeste Potiguar;90;409;345;3107;1.6;90
Nordeste;24;RN;241300;S“o Vicente;24010;Serra de Santana;2402;Central Potiguar;72;492;431;2989;1.4;72
Nordeste;24;RN;241335;Serra do Mel;24001;Mossoræ;2401;Oeste Potiguar;38;997;970;7225;1.4;38
Nordeste;24;RN;241340;Serra Negra do Norte;24011;Seridæ Ocidental;2402;Central Potiguar;137;810;711;4257;1.1;133
Nordeste;24;RN;241355;Serrinha dos Pintos;24007;Umarizal;2401;Oeste Potiguar;66;294;248;1940;1.4;66
Nordeste;24;RN;241360;Severiano Melo;24006;Pau dos Ferros;2401;Oeste Potiguar;43;325;288;2379;1.5;42
Nordeste;24;RN;241380;Taboleiro Grande;24006;Pau dos Ferros;2401;Oeste Potiguar;23;233;220;1324;1.1;23
Nordeste;24;RN;241410;Tenente Ananias;24006;Pau dos Ferros;2401;Oeste Potiguar;102;348;264;1504;1.1;101
Nordeste;24;RN;241415;Tenente Laurentino Cruz;24010;Serra de Santana;2402;Central Potiguar;52;408;364;2374;1.3;51
Nordeste;24;RN;241430;Timba∑ba dos Batistas;24011;Seridæ Ocidental;2402;Central Potiguar;30;367;265;1453;1;30
Nordeste;24;RN;241445;Triunfo Potiguar;24003;M⁄dio Oeste;2401;Oeste Potiguar;48;314;273;1880;1.2;48
Nordeste;24;RN;241450;Umarizal;24007;Umarizal;2401;Oeste Potiguar;192;740;584;5072;1.7;188
Nordeste;24;RN;241460;Upanema;24003;M⁄dio Oeste;2401;Oeste Potiguar;70;825;676;6606;2;70
Nordeste;24;RN;241475;Venha-Ver;24005;Serra de S“o Miguel;2401;Oeste Potiguar;35;247;240;2019;1.3;35
Nordeste;24;RN;241490;Vi˛osa;24006;Pau dos Ferros;2401;Oeste Potiguar;18;157;147;1118;1.4;18
Nordeste;25;PB;250010;#NOME?;25007;Serra do Teixeira;2501;Sert“o Paraibano;86;469;407;3174;1.5;85
Nordeste;25;PB;250020;Aguiar;25005;Piancæ;2501;Sert“o Paraibano;59;428;372;2108;1.1;59
Nordeste;25;PB;250053;Alcantil;25011;Cariri Oriental;2502;Borborema;25;214;196;2788;1.5;24
Nordeste;25;PB;250070;S“o Jo“o do Rio do Peixe;25002;Cajazeiras;2501;Sert“o Paraibano;254;890;648;5321;1.5;251
Nordeste;25;PB;250073;Amparo;25010;Cariri Ocidental;2502;Borborema;29;211;195;1679;1.1;29
Nordeste;25;PB;250077;Aparecida;25003;Sousa;2501;Sert“o Paraibano;87;420;366;2796;1.5;87
Nordeste;25;PB;250115;Areia de Bara∑nas;25004;Patos;2501;Sert“o Paraibano;12;163;160;1172;1.4;12
Nordeste;25;PB;250130;Aroeiras;25019;Umbuzeiro;2503;Agreste Paraibano;145;934;801;7580;1.8;140
Nordeste;25;PB;250135;Assun˛“o;25010;Cariri Ocidental;2502;Borborema;32;246;223;1239;1;32
Nordeste;25;PB;250157;Barra de Santana;25011;Cariri Oriental;2502;Borborema;32;472;461;3312;1.5;32
Nordeste;25;PB;250170;Barra de S“o Miguel;25011;Cariri Oriental;2502;Borborema;23;96;76;552;1.4;23
Nordeste;25;PB;250200;Bel⁄m do Brejo do Cruz;25001;Catol⁄ do Rocha;2501;Sert“o Paraibano;64;371;323;2658;1.6;64
Nordeste;25;PB;250205;Bernardino Batista;25002;Cajazeiras;2501;Sert“o Paraibano;27;220;209;1689;1.5;27
Nordeste;25;PB;250210;Boa Ventura;25006;Itaporanga;2501;Sert“o Paraibano;40;370;345;2245;1.3;40
Nordeste;25;PB;250215;Boa Vista;25017;Campina Grande;2503;Agreste Paraibano;83;907;822;9001;2.1;83
Nordeste;25;PB;250220;Bom Jesus;25002;Cajazeiras;2501;Sert“o Paraibano;22;120;109;781;1.4;22
Nordeste;25;PB;250230;Bom Sucesso;25001;Catol⁄ do Rocha;2501;Sert“o Paraibano;91;343;280;2435;1.6;91
Nordeste;25;PB;250240;Bonito de Santa F⁄;25002;Cajazeiras;2501;Sert“o Paraibano;109;465;367;2285;1.2;108
Nordeste;25;PB;250250;Boqueir“o;25011;Cariri Oriental;2502;Borborema;271;885;652;5915;1.6;269
Nordeste;25;PB;250260;Igaracy;25005;Piancæ;2501;Sert“o Paraibano;70;489;455;3337;1.5;70
Nordeste;25;PB;250280;Brejo do Cruz;25001;Catol⁄ do Rocha;2501;Sert“o Paraibano;173;746;593;4705;1.6;170
Nordeste;25;PB;250290;Brejo dos Santos;25001;Catol⁄ do Rocha;2501;Sert“o Paraibano;101;459;358;2156;1.1;101
Nordeste;25;PB;250310;Cabaceiras;25011;Cariri Oriental;2502;Borborema;65;341;285;2373;1.4;65
Nordeste;25;PB;250330;Cachoeira dos -ndios;25002;Cajazeiras;2501;Sert“o Paraibano;57;437;387;2387;1.2;57
Nordeste;25;PB;250340;Cacimba de Areia;25004;Patos;2501;Sert“o Paraibano;20;171;162;911;1.1;20
Nordeste;25;PB;250355;Cacimbas;25007;Serra do Teixeira;2501;Sert“o Paraibano;42;389;370;3250;1.7;42
Nordeste;25;PB;250370;Cajazeiras;25002;Cajazeiras;2501;Sert“o Paraibano;1342;6567;5022;43704;1.7;1287
Nordeste;25;PB;250375;Cajazeirinhas;25003;Sousa;2501;Sert“o Paraibano;20;276;266;2152;1.6;20
Nordeste;25;PB;250390;Camala∑;25010;Cariri Ocidental;2502;Borborema;36;319;293;2313;1.5;36
Nordeste;25;PB;250400;Campina Grande;25017;Campina Grande;2503;Agreste Paraibano;7798;74513;64800;810599;2.4;7402
Nordeste;25;PB;250407;Cara∑bas;25011;Cariri Oriental;2502;Borborema;26;215;197;1954;1.8;26
Nordeste;25;PB;250410;Carrapateira;25002;Cajazeiras;2501;Sert“o Paraibano;25;172;160;889;1;25
Nordeste;25;PB;250420;Catingueira;25005;Piancæ;2501;Sert“o Paraibano;36;304;271;1747;1.2;36
Nordeste;25;PB;250430;Catol⁄ do Rocha;25001;Catol⁄ do Rocha;2501;Sert“o Paraibano;663;2982;2163;15788;1.4;647
Nordeste;25;PB;250435;Caturit⁄;25011;Cariri Oriental;2502;Borborema;34;336;312;2802;1.7;33
Nordeste;25;PB;250440;Concei˛“o;25006;Itaporanga;2501;Sert“o Paraibano;299;1052;833;5200;1.2;299
Nordeste;25;PB;250450;Condado;25003;Sousa;2501;Sert“o Paraibano;40;507;478;3979;1.6;40
Nordeste;25;PB;250470;Congo;25010;Cariri Ocidental;2502;Borborema;69;434;371;3046;1.6;69
Nordeste;25;PB;250480;Coremas;25005;Piancæ;2501;Sert“o Paraibano;301;683;428;3867;1.7;296
Nordeste;25;PB;250485;Coxixola;25010;Cariri Ocidental;2502;Borborema;16;118;108;1383;2.1;16
Nordeste;25;PB;250500;Cubati;25009;Seridæ Oriental Paraibano;2502;Borborema;81;602;514;3397;1.3;80
Nordeste;25;PB;250530;Curral Velho;25006;Itaporanga;2501;Sert“o Paraibano;17;140;127;847;1.3;17
Nordeste;25;PB;250540;Desterro;25007;Serra do Teixeira;2501;Sert“o Paraibano;94;509;438;3345;1.5;93
Nordeste;25;PB;250550;Vista Serrana;25003;Sousa;2501;Sert“o Paraibano;19;196;183;1322;1.4;19
Nordeste;25;PB;250560;Diamante;25006;Itaporanga;2501;Sert“o Paraibano;76;338;283;1937;1.3;76
Nordeste;25;PB;250590;Emas;25005;Piancæ;2501;Sert“o Paraibano;13;241;221;1524;1.3;13
Nordeste;25;PB;250610;Fagundes;25017;Campina Grande;2503;Agreste Paraibano;84;531;484;3898;1.5;84
Nordeste;25;PB;250620;Frei Martinho;25009;Seridæ Oriental Paraibano;2502;Borborema;23;214;202;1580;1.4;23
Nordeste;25;PB;250625;Gado Bravo;25019;Umbuzeiro;2503;Agreste Paraibano;33;338;319;2836;1.7;33
Nordeste;25;PB;250650;Gurj“o;25011;Cariri Oriental;2502;Borborema;49;306;260;1691;1.2;48
Nordeste;25;PB;250660;Ibiara;25006;Itaporanga;2501;Sert“o Paraibano;69;260;213;1381;1.2;69
Nordeste;25;PB;250670;Imaculada;25007;Serra do Teixeira;2501;Sert“o Paraibano;107;450;390;2547;1.2;107
Nordeste;25;PB;250680;Ingﬂ;25018;Itabaiana;2503;Agreste Paraibano;159;1014;866;7475;1.6;156
Nordeste;25;PB;250690;Itabaiana;25018;Itabaiana;2503;Agreste Paraibano;304;1916;1636;13008;1.5;303
Nordeste;25;PB;250700;Itaporanga;25006;Itaporanga;2501;Sert“o Paraibano;471;2044;1647;10469;1.2;466
Nordeste;25;PB;250720;Itatuba;25018;Itabaiana;2503;Agreste Paraibano;61;762;715;5296;1.4;61
Nordeste;25;PB;250740;Jericæ;25001;Catol⁄ do Rocha;2501;Sert“o Paraibano;79;431;375;2166;1.1;79
Nordeste;25;PB;250770;Juazeirinho;25009;Seridæ Oriental Paraibano;2502;Borborema;135;1004;866;4565;1;135
Nordeste;25;PB;250780;Junco do Seridæ;25008;Seridæ Ocidental Paraibano;2502;Borborema;102;519;445;2942;1.3;101
Nordeste;25;PB;250800;Juru;25007;Serra do Teixeira;2501;Sert“o Paraibano;85;562;490;3844;1.5;85
Nordeste;25;PB;250810;Lagoa;25001;Catol⁄ do Rocha;2501;Sert“o Paraibano;59;300;263;2132;1.2;59
Nordeste;25;PB;250840;Lastro;25003;Sousa;2501;Sert“o Paraibano;20;245;237;1692;1.3;20
Nordeste;25;PB;250850;Livramento;25010;Cariri Ocidental;2502;Borborema;28;44;22;239;2;28
Nordeste;25;PB;250870;M“e d'-gua;25004;Patos;2501;Sert“o Paraibano;43;255;236;2031;1.6;43
Nordeste;25;PB;250880;Malta;25003;Sousa;2501;Sert“o Paraibano;41;207;181;1466;1.6;41
Nordeste;25;PB;250900;Mana›ra;25007;Serra do Teixeira;2501;Sert“o Paraibano;65;568;522;4132;1.6;65
Nordeste;25;PB;250915;Marizæpolis;25003;Sousa;2501;Sert“o Paraibano;82;404;340;2285;1.3;82
Nordeste;25;PB;250920;Massaranduba;25017;Campina Grande;2503;Agreste Paraibano;78;579;518;2960;1.1;78
Nordeste;25;PB;250937;Mato Grosso;25001;Catol⁄ do Rocha;2501;Sert“o Paraibano;18;305;287;1992;1.3;18
Nordeste;25;PB;250939;Matur⁄ia;25007;Serra do Teixeira;2501;Sert“o Paraibano;62;286;264;1871;1.4;62
Nordeste;25;PB;250940;Mogeiro;25018;Itabaiana;2503;Agreste Paraibano;73;805;748;6043;1.5;72
Nordeste;25;PB;250960;Monte Horebe;25002;Cajazeiras;2501;Sert“o Paraibano;50;171;132;1018;1.2;50
Nordeste;25;PB;250970;Monteiro;25010;Cariri Ocidental;2502;Borborema;417;1967;1539;13261;1.6;413
Nordeste;25;PB;250990;Natuba;25019;Umbuzeiro;2503;Agreste Paraibano;51;478;440;3612;1.5;49
Nordeste;25;PB;251000;Nazarezinho;25003;Sousa;2501;Sert“o Paraibano;66;333;277;2890;1.4;66
Nordeste;25;PB;251020;Nova Olinda;25005;Piancæ;2501;Sert“o Paraibano;55;509;474;2591;1;55
Nordeste;25;PB;251030;Nova Palmeira;25009;Seridæ Oriental Paraibano;2502;Borborema;59;403;347;2352;1.3;58
Nordeste;25;PB;251040;Olho d'-gua;25005;Piancæ;2501;Sert“o Paraibano;39;347;319;1845;1.1;39
Nordeste;25;PB;251050;Olivedos;25012;Curimata∑ Ocidental;2503;Agreste Paraibano;37;318;188;2028;1.5;37
Nordeste;25;PB;251060;Ouro Velho;25010;Cariri Ocidental;2502;Borborema;29;299;276;1834;1.2;29
Nordeste;25;PB;251065;Parari;25010;Cariri Ocidental;2502;Borborema;33;211;206;1673;1.5;33
Nordeste;25;PB;251070;Passagem;25004;Patos;2501;Sert“o Paraibano;19;288;279;1584;1.1;19
Nordeste;25;PB;251080;Patos;25004;Patos;2501;Sert“o Paraibano;1825;10336;8409;76586;1.8;1778
Nordeste;25;PB;251090;Paulista;25003;Sousa;2501;Sert“o Paraibano;138;517;401;2835;1.4;134
Nordeste;25;PB;251100;Pedra Branca;25006;Itaporanga;2501;Sert“o Paraibano;75;247;195;1392;1.4;75
Nordeste;25;PB;251110;Pedra Lavrada;25009;Seridæ Oriental Paraibano;2502;Borborema;105;692;619;4356;1.3;105
Nordeste;25;PB;251130;Piancæ;25005;Piancæ;2501;Sert“o Paraibano;266;826;611;4086;1.3;266
Nordeste;25;PB;251140;Picu›;25009;Seridæ Oriental Paraibano;2502;Borborema;307;1368;1148;11269;1.9;305
Nordeste;25;PB;251200;Pocinhos;25012;Curimata∑ Ocidental;2503;Agreste Paraibano;111;968;848;6413;1.5;109
Nordeste;25;PB;251203;Po˛o Dantas;25002;Cajazeiras;2501;Sert“o Paraibano;42;275;259;1709;1.2;42
Nordeste;25;PB;251207;Po˛o de Jos⁄ de Moura;25002;Cajazeiras;2501;Sert“o Paraibano;57;273;233;1635;1.3;57
Nordeste;25;PB;251210;Pombal;25003;Sousa;2501;Sert“o Paraibano;667;2244;1668;14550;1.7;647
Nordeste;25;PB;251220;Prata;25010;Cariri Ocidental;2502;Borborema;44;320;280;1679;1.2;43
Nordeste;25;PB;251230;Princesa Isabel;25007;Serra do Teixeira;2501;Sert“o Paraibano;222;1229;1035;8055;1.5;216
Nordeste;25;PB;251240;Puxinan“;25017;Campina Grande;2503;Agreste Paraibano;72;803;722;5263;1.4;70
Nordeste;25;PB;251250;Queimadas;25017;Campina Grande;2503;Agreste Paraibano;397;2732;2425;20913;1.6;394
Nordeste;25;PB;251260;Quixabﬂ;25004;Patos;2501;Sert“o Paraibano;17;192;186;1696;1.7;17
Nordeste;25;PB;251275;Riach“o do Bacamarte;25018;Itabaiana;2503;Agreste Paraibano;31;162;140;817;1;31
Nordeste;25;PB;251278;Riacho de Santo Ant∂nio;25011;Cariri Oriental;2502;Borborema;17;216;206;1152;1.2;17
Nordeste;25;PB;251280;Riacho dos Cavalos;25001;Catol⁄ do Rocha;2501;Sert“o Paraibano;86;395;311;2185;1.3;86
Nordeste;25;PB;251300;Salgadinho;25008;Seridæ Ocidental Paraibano;2502;Borborema;39;214;201;1239;1.1;39
Nordeste;25;PB;251310;Salgado de S“o F⁄lix;25018;Itabaiana;2503;Agreste Paraibano;45;522;490;3259;1.3;45
Nordeste;25;PB;251315;Santa Cec›lia;25019;Umbuzeiro;2503;Agreste Paraibano;64;336;277;1178;0.8;64
Nordeste;25;PB;251320;Santa Cruz;25003;Sousa;2501;Sert“o Paraibano;71;362;310;2536;1.5;69
Nordeste;25;PB;251330;Santa Helena;25002;Cajazeiras;2501;Sert“o Paraibano;63;411;348;2313;1.2;63
Nordeste;25;PB;251335;Santa In€s;25006;Itaporanga;2501;Sert“o Paraibano;50;264;240;1601;1.2;50
Nordeste;25;PB;251340;Santa Luzia;25008;Seridæ Ocidental Paraibano;2502;Borborema;308;1506;1223;9151;1.4;307
Nordeste;25;PB;251350;Santana de Mangueira;25006;Itaporanga;2501;Sert“o Paraibano;63;62;9;89;2.1;63
Nordeste;25;PB;251360;Santana dos Garrotes;25005;Piancæ;2501;Sert“o Paraibano;70;313;248;1720;1.3;70
Nordeste;25;PB;251365;Santar⁄m;25002;Cajazeiras;2501;Sert“o Paraibano;18;199;194;1062;1;18
Nordeste;25;PB;251380;Santa Teresinha;25004;Patos;2501;Sert“o Paraibano;41;417;380;2755;1.4;41
Nordeste;25;PB;251385;Santo Andr⁄;25011;Cariri Oriental;2502;Borborema;34;199;155;1147;1.4;34
Nordeste;25;PB;251390;S“o Bento;25001;Catol⁄ do Rocha;2501;Sert“o Paraibano;536;2124;1598;15102;1.8;516
Nordeste;25;PB;251392;S“o Bentinho;25003;Sousa;2501;Sert“o Paraibano;46;302;276;2105;1.4;46
Nordeste;25;PB;251394;S“o Domingos do Cariri;25011;Cariri Oriental;2502;Borborema;13;85;72;1081;1.7;13
Nordeste;25;PB;251396;S“o Domingos;25003;Sousa;2501;Sert“o Paraibano;29;270;257;1851;1.4;29
Nordeste;25;PB;251398;S“o Francisco;25003;Sousa;2501;Sert“o Paraibano;34;210;187;1392;1.4;34
Nordeste;25;PB;251400;S“o Jo“o do Cariri;25011;Cariri Oriental;2502;Borborema;54;916;869;4835;1.1;54
Nordeste;25;PB;251410;S“o Jo“o do Tigre;25010;Cariri Ocidental;2502;Borborema;19;212;204;1766;1.6;19
Nordeste;25;PB;251420;S“o Jos⁄ da Lagoa Tapada;25003;Sousa;2501;Sert“o Paraibano;62;494;442;3205;1.4;62
Nordeste;25;PB;251430;S“o Jos⁄ de Caiana;25006;Itaporanga;2501;Sert“o Paraibano;35;146;121;1016;1.6;35
Nordeste;25;PB;251440;S“o Jos⁄ de Espinharas;25004;Patos;2501;Sert“o Paraibano;30;284;264;2439;1.5;30
Nordeste;25;PB;251450;S“o Jos⁄ de Piranhas;25002;Cajazeiras;2501;Sert“o Paraibano;227;981;774;4693;1.2;224
Nordeste;25;PB;251455;S“o Jos⁄ de Princesa;25007;Serra do Teixeira;2501;Sert“o Paraibano;5;152;151;813;1;5
Nordeste;25;PB;251460;S“o Jos⁄ do Bonfim;25004;Patos;2501;Sert“o Paraibano;28;152;133;686;1;28
Nordeste;25;PB;251465;S“o Jos⁄ do Brejo do Cruz;25001;Catol⁄ do Rocha;2501;Sert“o Paraibano;6;146;143;1101;1.4;6
Nordeste;25;PB;251470;S“o Jos⁄ do Sabugi;25008;Seridæ Ocidental Paraibano;2502;Borborema;67;351;315;2545;1.5;67
Nordeste;25;PB;251480;S“o Jos⁄ dos Cordeiros;25010;Cariri Ocidental;2502;Borborema;20;188;177;1117;1.1;20
Nordeste;25;PB;251490;S“o Mamede;25008;Seridæ Ocidental Paraibano;2502;Borborema;170;697;567;4412;1.5;168
Nordeste;25;PB;251520;S“o Sebasti“o do Umbuzeiro;25010;Cariri Ocidental;2502;Borborema;34;131;106;597;1.1;34
Nordeste;25;PB;251540;Seridæ;25009;Seridæ Oriental Paraibano;2502;Borborema;42;413;352;2894;1.5;42
Nordeste;25;PB;251550;Serra Branca;25010;Cariri Ocidental;2502;Borborema;201;827;678;5064;1.5;199
Nordeste;25;PB;251570;Serra Grande;25006;Itaporanga;2501;Sert“o Paraibano;18;192;179;1028;1.1;18
Nordeste;25;PB;251610;Soledade;25012;Curimata∑ Ocidental;2503;Agreste Paraibano;262;1537;867;6276;1.4;260
Nordeste;25;PB;251620;Sousa;25003;Sousa;2501;Sert“o Paraibano;1378;7821;6230;54812;1.7;1338
Nordeste;25;PB;251630;Sum⁄;25010;Cariri Ocidental;2502;Borborema;374;1060;725;6790;1.7;372
Nordeste;25;PB;251650;Taperoﬂ;25010;Cariri Ocidental;2502;Borborema;154;597;475;4114;1.6;152
Nordeste;25;PB;251660;Tavares;25007;Serra do Teixeira;2501;Sert“o Paraibano;163;814;697;5450;1.9;163
Nordeste;25;PB;251670;Teixeira;25007;Serra do Teixeira;2501;Sert“o Paraibano;178;862;729;5941;1.6;178
Nordeste;25;PB;251675;Tenærio;25009;Seridæ Oriental Paraibano;2502;Borborema;25;322;287;2063;1.3;25
Nordeste;25;PB;251680;Triunfo;25002;Cajazeiras;2501;Sert“o Paraibano;110;361;292;2360;1.2;109
Nordeste;25;PB;251690;Uira∑na;25002;Cajazeiras;2501;Sert“o Paraibano;232;1020;811;5449;1.2;231
Nordeste;25;PB;251700;Umbuzeiro;25019;Umbuzeiro;2503;Agreste Paraibano;93;519;436;2880;1.2;92
Nordeste;25;PB;251710;Vﬂrzea;25008;Seridæ Ocidental Paraibano;2502;Borborema;51;339;311;2231;1.4;51
Nordeste;25;PB;251720;Vieiræpolis;25003;Sousa;2501;Sert“o Paraibano;33;335;326;2336;1.4;33
Nordeste;25;PB;251740;Zabel€;25010;Cariri Ocidental;2502;Borborema;31;117;94;940;1.2;31
Nordeste;26;PE;260010;Afogados da Ingazeira;26003;Paje∑;2601;Sert“o Pernambucano;597;3235;2626;20502;1.5;580
Nordeste;26;PE;260020;Afr‘nio;26005;Petrolina;2602;S“o Francisco Pernambucano;224;964;752;8058;1.5;222
Nordeste;26;PE;260030;Agrestina;26012;Brejo Pernambucano;2603;Agreste Pernambucano;187;1377;1209;8667;1.4;183
Nordeste;26;PE;260050;#NOME?;26007;Vale do Ipanema;2603;Agreste Pernambucano;255;1750;1562;12131;1.5;247
Nordeste;26;PE;260060;Alagoinha;26008;Vale do Ipojuca;2603;Agreste Pernambucano;107;553;483;4604;1.6;107
Nordeste;26;PE;260080;Altinho;26012;Brejo Pernambucano;2603;Agreste Pernambucano;150;1158;1047;9001;1.6;147
Nordeste;26;PE;260100;Angelim;26011;Garanhuns;2603;Agreste Pernambucano;56;539;497;6421;2.3;55
Nordeste;26;PE;260110;Araripina;26001;Araripina;2601;Sert“o Pernambucano;1227;6354;5159;41675;1.6;1190
Nordeste;26;PE;260120;Arcoverde;26004;Sert“o do Moxotæ;2601;Sert“o Pernambucano;1431;7536;6025;49374;1.6;1385
Nordeste;26;PE;260160;Bel⁄m de S“o Francisco;26006;Itaparica;2602;S“o Francisco Pernambucano;258;2588;1746;13449;1.6;248
Nordeste;26;PE;260170;Belo Jardim;26008;Vale do Ipojuca;2603;Agreste Pernambucano;935;8225;7342;79291;1.9;912
Nordeste;26;PE;260180;Bet‘nia;26004;Sert“o do Moxotæ;2601;Sert“o Pernambucano;53;259;196;1388;1.3;53
Nordeste;26;PE;260190;Bezerros;26008;Vale do Ipojuca;2603;Agreste Pernambucano;605;16399;15836;158526;1.8;594
Nordeste;26;PE;260200;Bodocæ;26001;Araripina;2601;Sert“o Pernambucano;244;1449;1165;14825;1.5;239
Nordeste;26;PE;260210;Bom Conselho;26011;Garanhuns;2603;Agreste Pernambucano;290;2197;1941;17269;1.8;282
Nordeste;26;PE;260220;Bom Jardim;26010;M⁄dio Capibaribe;2603;Agreste Pernambucano;416;2271;1890;14662;1.5;413
Nordeste;26;PE;260240;Brej“o;26011;Garanhuns;2603;Agreste Pernambucano;75;1025;988;8050;1.5;75
Nordeste;26;PE;260250;Brejinho;26003;Paje∑;2601;Sert“o Pernambucano;39;278;244;1959;1.5;39
Nordeste;26;PE;260260;Brejo da Madre de Deus;26008;Vale do Ipojuca;2603;Agreste Pernambucano;196;2637;2476;21034;1.7;189
Nordeste;26;PE;260280;Bu›que;26007;Vale do Ipanema;2603;Agreste Pernambucano;342;2607;2280;26176;2.4;334
Nordeste;26;PE;260300;Cabrobæ;26005;Petrolina;2602;S“o Francisco Pernambucano;496;1885;1360;11256;1.5;474
Nordeste;26;PE;260310;Cachoeirinha;26008;Vale do Ipojuca;2603;Agreste Pernambucano;175;1151;986;7742;1.5;171
Nordeste;26;PE;260320;Caet⁄s;26011;Garanhuns;2603;Agreste Pernambucano;191;860;680;4750;1.3;190
Nordeste;26;PE;260330;Cal˛ado;26011;Garanhuns;2603;Agreste Pernambucano;78;498;453;3820;1.7;78
Nordeste;26;PE;260340;Calumbi;26003;Paje∑;2601;Sert“o Pernambucano;67;258;231;1597;1.3;67
Nordeste;26;PE;260350;Camocim de S“o F⁄lix;26012;Brejo Pernambucano;2603;Agreste Pernambucano;139;801;691;4968;1.4;136
Nordeste;26;PE;260370;Canhotinho;26011;Garanhuns;2603;Agreste Pernambucano;149;1164;1049;8143;1.5;145
Nordeste;26;PE;260380;Capoeiras;26008;Vale do Ipojuca;2603;Agreste Pernambucano;171;818;646;5580;1.5;170
Nordeste;26;PE;260390;Carna›ba;26003;Paje∑;2601;Sert“o Pernambucano;143;684;607;7414;1.7;142
Nordeste;26;PE;260392;Carnaubeira da Penha;26006;Itaparica;2602;S“o Francisco Pernambucano;21;555;544;3318;1.2;21
Nordeste;26;PE;260410;Caruaru;26008;Vale do Ipojuca;2603;Agreste Pernambucano;6875;57254;49295;440329;1.7;6402
Nordeste;26;PE;260415;Casinhas;26009;Alto Capibaribe;2603;Agreste Pernambucano;23;659;639;5104;1.5;23
Nordeste;26;PE;260430;Cedro;26002;Salgueiro;2601;Sert“o Pernambucano;142;510;418;4166;1.4;141
Nordeste;26;PE;260470;Correntes;26011;Garanhuns;2603;Agreste Pernambucano;94;957;870;7851;1.7;94
Nordeste;26;PE;260490;Cumaru;26010;M⁄dio Capibaribe;2603;Agreste Pernambucano;92;860;763;5974;1.5;91
Nordeste;26;PE;260500;Cupira;26012;Brejo Pernambucano;2603;Agreste Pernambucano;271;1317;1062;8658;1.4;265
Nordeste;26;PE;260510;Custædia;26004;Sert“o do Moxotæ;2601;Sert“o Pernambucano;330;2177;1854;16145;1.7;325
Nordeste;26;PE;260515;Dormentes;26005;Petrolina;2602;S“o Francisco Pernambucano;175;1147;1021;9401;1.7;174
Nordeste;26;PE;260530;Exu;26001;Araripina;2601;Sert“o Pernambucano;370;1828;1495;11141;1.5;361
Nordeste;26;PE;260560;Flores;26003;Paje∑;2601;Sert“o Pernambucano;148;1396;1274;7911;1.2;145
Nordeste;26;PE;260570;Floresta;26006;Itaparica;2602;S“o Francisco Pernambucano;174;2631;2469;20384;1.7;169
Nordeste;26;PE;260580;Frei Miguelinho;26009;Alto Capibaribe;2603;Agreste Pernambucano;75;539;487;3429;1.4;74
Nordeste;26;PE;260600;Garanhuns;26011;Garanhuns;2603;Agreste Pernambucano;2409;15919;13445;131884;1.9;2269
Nordeste;26;PE;260630;Granito;26001;Araripina;2601;Sert“o Pernambucano;59;77;50;565;1.8;58
Nordeste;26;PE;260640;Gravatﬂ;26008;Vale do Ipojuca;2603;Agreste Pernambucano;1552;8454;6694;58722;1.7;1516
Nordeste;26;PE;260650;Iati;26011;Garanhuns;2603;Agreste Pernambucano;117;590;512;3727;1.4;113
Nordeste;26;PE;260660;Ibimirim;26004;Sert“o do Moxotæ;2601;Sert“o Pernambucano;231;1809;1565;11587;1.5;228
Nordeste;26;PE;260670;Ibirajuba;26012;Brejo Pernambucano;2603;Agreste Pernambucano;36;444;424;3501;1.5;36
Nordeste;26;PE;260690;Iguaraci;26003;Paje∑;2601;Sert“o Pernambucano;65;429;382;4681;1.5;64
Nordeste;26;PE;260700;Inajﬂ;26004;Sert“o do Moxotæ;2601;Sert“o Pernambucano;104;714;595;5206;1.6;101
Nordeste;26;PE;260710;Ingazeira;26003;Paje∑;2601;Sert“o Pernambucano;38;236;226;1627;1.3;38
Nordeste;26;PE;260730;Ipubi;26001;Araripina;2601;Sert“o Pernambucano;259;2317;2054;11913;1.2;255
Nordeste;26;PE;260740;Itacuruba;26006;Itaparica;2602;S“o Francisco Pernambucano;44;580;372;2627;1.3;44
Nordeste;26;PE;260750;Ita›ba;26007;Vale do Ipanema;2603;Agreste Pernambucano;91;1020;917;8771;1.8;91
Nordeste;26;PE;260770;Itapetim;26003;Paje∑;2601;Sert“o Pernambucano;132;643;556;3225;1.1;132
Nordeste;26;PE;260800;Jata∑ba;26008;Vale do Ipojuca;2603;Agreste Pernambucano;103;732;641;4113;1.2;103
Nordeste;26;PE;260805;Jatobﬂ;26006;Itaparica;2602;S“o Francisco Pernambucano;170;1180;1013;12793;2.4;165
Nordeste;26;PE;260810;Jo“o Alfredo;26010;M⁄dio Capibaribe;2603;Agreste Pernambucano;304;1974;1698;9945;1.4;296
Nordeste;26;PE;260825;Jucati;26011;Garanhuns;2603;Agreste Pernambucano;42;442;405;3956;2;42
Nordeste;26;PE;260830;Jupi;26011;Garanhuns;2603;Agreste Pernambucano;103;741;654;4425;1.4;99
Nordeste;26;PE;260840;Jurema;26011;Garanhuns;2603;Agreste Pernambucano;90;761;692;6973;1.6;90
Nordeste;26;PE;260860;Lagoa do Ouro;26011;Garanhuns;2603;Agreste Pernambucano;63;601;555;4356;1.5;63
Nordeste;26;PE;260870;Lagoa dos Gatos;26012;Brejo Pernambucano;2603;Agreste Pernambucano;82;662;597;5641;1.7;82
Nordeste;26;PE;260875;Lagoa Grande;26005;Petrolina;2602;S“o Francisco Pernambucano;200;2466;2278;128346;9.9;196
Nordeste;26;PE;260880;Lajedo;26011;Garanhuns;2603;Agreste Pernambucano;531;3191;2673;19127;1.4;517
Nordeste;26;PE;260915;Manari;26004;Sert“o do Moxotæ;2601;Sert“o Pernambucano;61;432;400;3377;1.6;61
Nordeste;26;PE;260930;Mirandiba;26002;Salgueiro;2601;Sert“o Pernambucano;89;580;506;3362;1.3;85
Nordeste;26;PE;260970;Orobæ;26010;M⁄dio Capibaribe;2603;Agreste Pernambucano;235;1364;1197;8717;1.4;235
Nordeste;26;PE;260980;Orocæ;26005;Petrolina;2602;S“o Francisco Pernambucano;103;689;594;4978;1.6;103
Nordeste;26;PE;260990;Ouricuri;26001;Araripina;2601;Sert“o Pernambucano;592;3057;2489;21590;1.7;570
Nordeste;26;PE;261010;Palmeirina;26011;Garanhuns;2603;Agreste Pernambucano;60;499;449;3427;1.4;60
Nordeste;26;PE;261020;Panelas;26012;Brejo Pernambucano;2603;Agreste Pernambucano;104;1299;1198;8939;1.3;104
Nordeste;26;PE;261030;Paranatama;26011;Garanhuns;2603;Agreste Pernambucano;68;511;469;2439;1;66
Nordeste;26;PE;261040;Parnamirim;26002;Salgueiro;2601;Sert“o Pernambucano;162;1404;975;7233;1.5;159
Nordeste;26;PE;261050;Passira;26010;M⁄dio Capibaribe;2603;Agreste Pernambucano;221;1220;945;8520;1.7;218
Nordeste;26;PE;261080;Pedra;26007;Vale do Ipanema;2603;Agreste Pernambucano;140;797;692;4958;1.4;140
Nordeste;26;PE;261090;Pesqueira;26008;Vale do Ipojuca;2603;Agreste Pernambucano;891;4440;3662;30010;1.5;819
Nordeste;26;PE;261100;Petrol‘ndia;26006;Itaparica;2602;S“o Francisco Pernambucano;324;2709;2343;22325;1.8;318
Nordeste;26;PE;261110;Petrolina;26005;Petrolina;2602;S“o Francisco Pernambucano;4915;45869;40271;508167;2.3;4708
Nordeste;26;PE;261120;Po˛“o;26008;Vale do Ipojuca;2603;Agreste Pernambucano;86;895;824;5874;1.4;85
Nordeste;26;PE;261153;Quixaba;26003;Paje∑;2601;Sert“o Pernambucano;53;300;281;2997;1.6;52
Nordeste;26;PE;261170;Riacho das Almas;26008;Vale do Ipojuca;2603;Agreste Pernambucano;171;1354;1197;9368;1.6;168
Nordeste;26;PE;261200;Sair⁄;26012;Brejo Pernambucano;2603;Agreste Pernambucano;71;955;843;5995;1.4;71
Nordeste;26;PE;261210;Salgadinho;26010;M⁄dio Capibaribe;2603;Agreste Pernambucano;25;336;314;3011;1.6;25
Nordeste;26;PE;261220;Salgueiro;26002;Salgueiro;2601;Sert“o Pernambucano;882;5793;4885;41425;1.6;845
Nordeste;26;PE;261230;Saloﬂ;26011;Garanhuns;2603;Agreste Pernambucano;86;404;345;3903;1.5;83
Nordeste;26;PE;261240;Sanharæ;26008;Vale do Ipojuca;2603;Agreste Pernambucano;144;1201;1060;9664;1.6;143
Nordeste;26;PE;261245;Santa Cruz;26001;Araripina;2601;Sert“o Pernambucano;92;786;693;5053;1.4;92
Nordeste;26;PE;261247;Santa Cruz da Baixa Verde;26003;Paje∑;2601;Sert“o Pernambucano;114;601;508;3620;1.4;111
Nordeste;26;PE;261250;Santa Cruz do Capibaribe;26009;Alto Capibaribe;2603;Agreste Pernambucano;1973;10008;7914;51578;1.3;1823
Nordeste;26;PE;261255;Santa Filomena;26001;Araripina;2601;Sert“o Pernambucano;69;327;290;4692;1.7;68
Nordeste;26;PE;261260;Santa Maria da Boa Vista;26005;Petrolina;2602;S“o Francisco Pernambucano;274;1912;1682;19501;2;266
Nordeste;26;PE;261270;Santa Maria do Cambucﬂ;26009;Alto Capibaribe;2603;Agreste Pernambucano;84;559;475;2626;1.1;84
Nordeste;26;PE;261280;Santa Terezinha;26003;Paje∑;2601;Sert“o Pernambucano;136;636;534;4206;1.5;133
Nordeste;26;PE;261300;S“o Bento do Una;26008;Vale do Ipojuca;2603;Agreste Pernambucano;324;2357;2080;17191;1.6;313
Nordeste;26;PE;261310;S“o Caitano;26008;Vale do Ipojuca;2603;Agreste Pernambucano;219;1994;1805;14175;1.5;210
Nordeste;26;PE;261320;S“o Jo“o;26011;Garanhuns;2603;Agreste Pernambucano;128;955;836;8562;2;128
Nordeste;26;PE;261330;S“o Joaquim do Monte;26012;Brejo Pernambucano;2603;Agreste Pernambucano;86;1006;939;9811;2;86
Nordeste;26;PE;261350;S“o Jos⁄ do Belmonte;26002;Salgueiro;2601;Sert“o Pernambucano;312;2120;1735;12657;1.4;305
Nordeste;26;PE;261360;S“o Jos⁄ do Egito;26003;Paje∑;2601;Sert“o Pernambucano;393;2765;2436;20951;1.5;382
Nordeste;26;PE;261390;Serra Talhada;26003;Paje∑;2601;Sert“o Pernambucano;1511;8453;6838;61930;1.6;1456
Nordeste;26;PE;261400;Serrita;26002;Salgueiro;2601;Sert“o Pernambucano;117;717;620;3338;1;116
Nordeste;26;PE;261410;Sert‘nia;26004;Sert“o do Moxotæ;2601;Sert“o Pernambucano;417;1942;1572;13943;1.8;410
Nordeste;26;PE;261430;Moreil‘ndia;26001;Araripina;2601;Sert“o Pernambucano;120;629;559;4475;1.3;117
Nordeste;26;PE;261440;Solid“o;26003;Paje∑;2601;Sert“o Pernambucano;34;256;206;1646;1.5;34
Nordeste;26;PE;261450;Surubim;26009;Alto Capibaribe;2603;Agreste Pernambucano;905;5155;4217;30997;1.4;871
Nordeste;26;PE;261460;Tabira;26003;Paje∑;2601;Sert“o Pernambucano;278;1343;1029;9604;1.6;274
Nordeste;26;PE;261470;Tacaimbæ;26008;Vale do Ipojuca;2603;Agreste Pernambucano;48;1064;1024;7250;1.4;45
Nordeste;26;PE;261480;Tacaratu;26006;Itaparica;2602;S“o Francisco Pernambucano;149;1037;891;7260;1.6;146
Nordeste;26;PE;261500;Taquaritinga do Norte;26009;Alto Capibaribe;2603;Agreste Pernambucano;240;1620;1395;9976;1.4;234
Nordeste;26;PE;261510;Terezinha;26011;Garanhuns;2603;Agreste Pernambucano;40;231;202;1540;1.4;40
Nordeste;26;PE;261520;Terra Nova;26005;Petrolina;2602;S“o Francisco Pernambucano;76;363;288;2028;1.3;76
Nordeste;26;PE;261540;Toritama;26009;Alto Capibaribe;2603;Agreste Pernambucano;1205;5020;3908;24316;1.2;1121
Nordeste;26;PE;261560;Trindade;26001;Araripina;2601;Sert“o Pernambucano;351;2407;2013;13807;1.4;345
Nordeste;26;PE;261570;Triunfo;26003;Paje∑;2601;Sert“o Pernambucano;221;982;836;7205;1.7;214
Nordeste;26;PE;261580;Tupanatinga;26007;Vale do Ipanema;2603;Agreste Pernambucano;116;1104;1025;9824;1.8;116
Nordeste;26;PE;261590;Tuparetama;26003;Paje∑;2601;Sert“o Pernambucano;117;600;526;4549;1.7;115
Nordeste;26;PE;261600;Venturosa;26007;Vale do Ipanema;2603;Agreste Pernambucano;150;1091;877;6195;1.3;149
Nordeste;26;PE;261610;Verdejante;26002;Salgueiro;2601;Sert“o Pernambucano;65;508;460;3395;1.4;65
Nordeste;26;PE;261618;Vertente do L⁄rio;26009;Alto Capibaribe;2603;Agreste Pernambucano;56;509;474;4084;1.6;56
Nordeste;26;PE;261620;Vertentes;26009;Alto Capibaribe;2603;Agreste Pernambucano;205;1062;852;5674;1.3;203
Nordeste;27;AL;270010;#NOME?;27001;Serrana do Sert“o Alagoano;2701;Sert“o Alagoano;102;930;836;6635;1.5;102
Nordeste;27;AL;270030;Arapiraca;27006;Arapiraca;2702;Agreste Alagoano;3305;25836;22026;190449;1.7;3195
Nordeste;27;AL;270070;Batalha;27004;Batalha;2701;Sert“o Alagoano;140;1152;1020;6417;1.2;140
Nordeste;27;AL;270090;Belo Monte;27004;Batalha;2701;Sert“o Alagoano;25;295;282;2428;1.6;25
Nordeste;27;AL;270120;Cacimbinhas;27005;Palmeira dos -ndios;2702;Agreste Alagoano;100;558;472;3660;1.5;98
Nordeste;27;AL;270150;Campo Grande;27006;Arapiraca;2702;Agreste Alagoano;60;502;463;3820;1.5;60
Nordeste;27;AL;270160;Canapi;27001;Serrana do Sert“o Alagoano;2701;Sert“o Alagoano;125;483;412;3188;1.5;125
Nordeste;27;AL;270180;Carneiros;27003;Santana do Ipanema;2701;Sert“o Alagoano;34;403;378;2789;1.4;34
Nordeste;27;AL;270230;Coruripe;27012;S“o Miguel dos Campos;2703;Leste Alagoano;580;17071;16473;123476;1.4;568
Nordeste;27;AL;270235;Cra›bas;27006;Arapiraca;2702;Agreste Alagoano;106;1038;944;9244;1.8;103
Nordeste;27;AL;270240;Delmiro Gouveia;27002;Alagoana do Sert“o do S“o Francisc;2701;Sert“o Alagoano;660;3985;3341;34948;2;637
Nordeste;27;AL;270250;Dois Riachos;27003;Santana do Ipanema;2701;Sert“o Alagoano;105;637;566;4846;1.6;103
Nordeste;27;AL;270255;Estrela de Alagoas;27005;Palmeira dos -ndios;2702;Agreste Alagoano;88;539;476;3635;1.4;88
Nordeste;27;AL;270260;Feira Grande;27006;Arapiraca;2702;Agreste Alagoano;109;816;745;6491;1.7;109
Nordeste;27;AL;270270;Feliz Deserto;27013;Penedo;2703;Leste Alagoano;36;437;408;3093;1.5;36
Nordeste;27;AL;270290;Girau do Ponciano;27006;Arapiraca;2702;Agreste Alagoano;176;1478;1343;9646;1.4;176
Nordeste;27;AL;270310;Igaci;27005;Palmeira dos -ndios;2702;Agreste Alagoano;185;1008;915;7988;1.7;185
Nordeste;27;AL;270320;Igreja Nova;27013;Penedo;2703;Leste Alagoano;131;3707;3600;32020;1.7;131
Nordeste;27;AL;270330;Inhapi;27001;Serrana do Sert“o Alagoano;2701;Sert“o Alagoano;98;545;478;2995;1.2;93
Nordeste;27;AL;270340;Jacar⁄ dos Homens;27004;Batalha;2701;Sert“o Alagoano;32;293;270;2061;1.4;31
Nordeste;27;AL;270370;Jaramataia;27004;Batalha;2701;Sert“o Alagoano;24;406;392;3550;1.7;24
Nordeste;27;AL;270400;Junqueiro;27012;S“o Miguel dos Campos;2703;Leste Alagoano;176;1551;1369;10023;1.5;173
Nordeste;27;AL;270410;Lagoa da Canoa;27006;Arapiraca;2702;Agreste Alagoano;60;904;859;8203;1.8;59
Nordeste;27;AL;270420;Limoeiro de Anadia;27006;Arapiraca;2702;Agreste Alagoano;59;1147;1081;7875;1.4;59
Nordeste;27;AL;270440;Major Isidoro;27004;Batalha;2701;Sert“o Alagoano;115;829;718;3937;1;114
Nordeste;27;AL;270460;Maravilha;27003;Santana do Ipanema;2701;Sert“o Alagoano;73;486;420;3762;1.7;73
Nordeste;27;AL;270500;Mata Grande;27001;Serrana do Sert“o Alagoano;2701;Sert“o Alagoano;127;239;167;1969;2.3;119
Nordeste;27;AL;270530;Minador do Negr“o;27005;Palmeira dos -ndios;2702;Agreste Alagoano;44;391;351;2257;1.2;44
Nordeste;27;AL;270540;Monteiræpolis;27004;Batalha;2701;Sert“o Alagoano;32;298;272;1562;1.1;32
Nordeste;27;AL;270570;Olho d'-gua das Flores;27004;Batalha;2701;Sert“o Alagoano;258;1599;1312;13153;2;254
Nordeste;27;AL;270580;Olho d'-gua do Casado;27002;Alagoana do Sert“o do S“o Francisc;2701;Sert“o Alagoano;38;542;502;3615;1.4;37
Nordeste;27;AL;270590;Olho d'-gua Grande;27007;Traipu;2702;Agreste Alagoano;16;243;228;1455;1.3;16
Nordeste;27;AL;270600;Oliven˛a;27004;Batalha;2701;Sert“o Alagoano;56;610;566;4850;1.7;56
Nordeste;27;AL;270610;Ouro Branco;27003;Santana do Ipanema;2701;Sert“o Alagoano;133;583;471;3205;1.3;131
Nordeste;27;AL;270620;Palestina;27003;Santana do Ipanema;2701;Sert“o Alagoano;23;309;294;1856;1.2;23
Nordeste;27;AL;270640;P“o de A˛∑car;27003;Santana do Ipanema;2701;Sert“o Alagoano;191;1093;913;6342;1.3;191
Nordeste;27;AL;270642;Pariconha;27001;Serrana do Sert“o Alagoano;2701;Sert“o Alagoano;50;464;422;3201;1.5;50
Nordeste;27;AL;270670;Penedo;27013;Penedo;2703;Leste Alagoano;828;8059;7128;62008;1.6;805
Nordeste;27;AL;270680;Pia˛abu˛u;27013;Penedo;2703;Leste Alagoano;146;785;646;5631;1.6;145
Nordeste;27;AL;270710;Piranhas;27002;Alagoana do Sert“o do S“o Francisc;2701;Sert“o Alagoano;161;1375;1206;9999;1.6;160
Nordeste;27;AL;270720;Po˛o das Trincheiras;27003;Santana do Ipanema;2701;Sert“o Alagoano;66;506;464;2731;1.1;66
Nordeste;27;AL;270750;Porto Real do Col⁄gio;27013;Penedo;2703;Leste Alagoano;115;836;722;7365;1.9;112
Nordeste;27;AL;270800;Santana do Ipanema;27003;Santana do Ipanema;2701;Sert“o Alagoano;542;2972;2467;22005;1.7;527
Nordeste;27;AL;270820;S“o Brﬂs;27007;Traipu;2702;Agreste Alagoano;34;230;212;1381;1.2;34
Nordeste;27;AL;270840;S“o Jos⁄ da Tapera;27003;Santana do Ipanema;2701;Sert“o Alagoano;126;1579;1465;11956;1.5;124
Nordeste;27;AL;270880;S“o Sebasti“o;27006;Arapiraca;2702;Agreste Alagoano;296;1917;1635;13504;1.6;294
Nordeste;27;AL;270895;Senador Rui Palmeira;27003;Santana do Ipanema;2701;Sert“o Alagoano;50;572;533;4510;1.6;49
Nordeste;27;AL;270915;Teot∂nio Vilela;27012;S“o Miguel dos Campos;2703;Leste Alagoano;214;4916;4691;39647;1.6;208
Nordeste;27;AL;270920;Traipu;27007;Traipu;2702;Agreste Alagoano;88;1107;1006;7979;1.4;86
Nordeste;28;SE;280010;Amparo de S“o Francisco;28007;Propriﬂ;2803;Leste Sergipano;10;278;277;2298;1.6;10
Nordeste;28;SE;280020;Aquidab“;28003;Nossa Senhora das Dores;2802;Agreste Sergipano;156;1598;1404;11478;1.6;152
Nordeste;28;SE;280070;Brejo Grande;28007;Propriﬂ;2803;Leste Sergipano;43;445;407;3139;1.5;43
Nordeste;28;SE;280110;Canhoba;28007;Propriﬂ;2803;Leste Sergipano;5;325;325;2847;1.7;5
Nordeste;28;SE;280120;Canind⁄ de S“o Francisco;28001;Sergipana do Sert“o do S“o Francis;2801;Sert“o Sergipano;208;2064;1850;36830;2.9;204
Nordeste;28;SE;280130;Capela;28008;Cotinguiba;2803;Leste Sergipano;174;2312;2169;19126;1.8;172
Nordeste;28;SE;280160;Cedro de S“o Jo“o;28007;Propriﬂ;2803;Leste Sergipano;36;416;387;2930;1.4;35
Nordeste;28;SE;280220;Feira Nova;28001;Sergipana do Sert“o do S“o Francis;2801;Sert“o Sergipano;26;335;313;2915;1.8;26
Nordeste;28;SE;280240;Gararu;28001;Sergipana do Sert“o do S“o Francis;2801;Sert“o Sergipano;61;629;576;5962;2;61
Nordeste;28;SE;280260;Gracho Cardoso;28001;Sergipana do Sert“o do S“o Francis;2801;Sert“o Sergipano;38;358;329;2787;1.6;38
Nordeste;28;SE;280270;Ilha das Flores;28007;Propriﬂ;2803;Leste Sergipano;69;604;528;4328;1.6;69
Nordeste;28;SE;280310;Itabi;28001;Sergipana do Sert“o do S“o Francis;2801;Sert“o Sergipano;43;374;344;2691;1.5;43
Nordeste;28;SE;280330;Japaratuba;28009;Japaratuba;2803;Leste Sergipano;113;2398;2294;125862;10.1;112
Nordeste;28;SE;280340;Japoat“;28009;Japaratuba;2803;Leste Sergipano;114;2053;1979;15356;1.7;112
Nordeste;28;SE;280380;Malhada dos Bois;28003;Nossa Senhora das Dores;2802;Agreste Sergipano;33;459;427;3719;1.5;33
Nordeste;28;SE;280420;Monte Alegre de Sergipe;28001;Sergipana do Sert“o do S“o Francis;2801;Sert“o Sergipano;73;656;588;6070;2.1;73
Nordeste;28;SE;280430;Muribeca;28003;Nossa Senhora das Dores;2802;Agreste Sergipano;46;637;611;5588;1.7;46
Nordeste;28;SE;280440;Neæpolis;28007;Propriﬂ;2803;Leste Sergipano;291;2169;1851;17386;1.8;287
Nordeste;28;SE;280450;Nossa Senhora da Glæria;28001;Sergipana do Sert“o do S“o Francis;2801;Sert“o Sergipano;382;2712;2299;23910;2;369
Nordeste;28;SE;280470;Nossa Senhora de Lourdes;28007;Propriﬂ;2803;Leste Sergipano;30;334;305;3384;1.9;30
Nordeste;28;SE;280490;Pacatuba;28009;Japaratuba;2803;Leste Sergipano;62;645;609;7390;1.6;61
Nordeste;28;SE;280530;Pirambu;28009;Japaratuba;2803;Leste Sergipano;69;607;533;6476;2.1;69
Nordeste;28;SE;280540;Po˛o Redondo;28001;Sergipana do Sert“o do S“o Francis;2801;Sert“o Sergipano;163;995;853;11941;2.2;163
Nordeste;28;SE;280560;Porto da Folha;28001;Sergipana do Sert“o do S“o Francis;2801;Sert“o Sergipano;268;1715;1415;16386;2.2;266
Nordeste;28;SE;280570;Propriﬂ;28007;Propriﬂ;2803;Leste Sergipano;432;3360;2979;27869;1.8;408
Nordeste;28;SE;280640;Santana do S“o Francisco;28007;Propriﬂ;2803;Leste Sergipano;71;467;389;3123;1.6;71
Nordeste;28;SE;280690;S“o Francisco;28009;Japaratuba;2803;Leste Sergipano;17;253;240;1989;1.7;17
Nordeste;28;SE;280730;Telha;28007;Propriﬂ;2803;Leste Sergipano;18;358;343;3067;1.7;18
Nordeste;29;BA;290020;Abar⁄;29005;Paulo Afonso;2902;Vale S“o-Franciscano da Bahia;120;827;739;6784;1.8;119
Nordeste;29;BA;290050;#NOME?;29025;Livramento do Brumado;2906;Centro Sul Baiano;83;480;438;3760;1.6;80
Nordeste;29;BA;290115;Am⁄rica Dourada;29009;Irec€;2903;Centro Norte Baiano;80;728;657;5280;1.6;80
Nordeste;29;BA;290140;Angical;29002;Cotegipe;2901;Extremo Oeste Baiano;67;989;930;8181;1.5;66
Nordeste;29;BA;290250;Baianæpolis;29001;Barreiras;2901;Extremo Oeste Baiano;95;548;497;4788;1.5;95
Nordeste;29;BA;290270;Barra;29006;Barra;2902;Vale S“o-Franciscano da Bahia;384;2620;2322;21387;1.8;380
Nordeste;29;BA;290300;Barra do Mendes;29009;Irec€;2903;Centro Norte Baiano;193;532;370;2984;1.5;192
Nordeste;29;BA;290320;Barreiras;29001;Barreiras;2901;Extremo Oeste Baiano;3446;20610;16709;192254;2.1;3261
Nordeste;29;BA;290323;Barro Alto;29009;Irec€;2903;Centro Norte Baiano;143;681;580;6796;2.2;142
Nordeste;29;BA;290390;Bom Jesus da Lapa;29007;Bom Jesus da Lapa;2902;Vale S“o-Franciscano da Bahia;1559;6701;5098;50770;2;1525
Nordeste;29;BA;290400;Boninal;29023;Seabra;2906;Centro Sul Baiano;137;659;565;4452;1.5;135
Nordeste;29;BA;290405;Bonito;29023;Seabra;2906;Centro Sul Baiano;185;670;562;5992;1.4;183
Nordeste;29;BA;290410;Boquira;29022;Boquira;2906;Centro Sul Baiano;338;1214;964;8324;1.4;337
Nordeste;29;BA;290420;Botupor“;29022;Boquira;2906;Centro Sul Baiano;106;431;333;2490;1.4;106
Nordeste;29;BA;290440;Brejol‘ndia;29002;Cotegipe;2901;Extremo Oeste Baiano;69;294;250;1685;1.2;67
Nordeste;29;BA;290450;Brotas de Maca∑bas;29022;Boquira;2906;Centro Sul Baiano;179;658;533;4293;1.5;178
Nordeste;29;BA;290475;Buritirama;29006;Barra;2902;Vale S“o-Franciscano da Bahia;106;944;869;4951;1.1;105
Nordeste;29;BA;290520;Caetit⁄;29026;Guanambi;2906;Centro Sul Baiano;877;5105;4245;42190;1.7;864
Nordeste;29;BA;290530;Cafarnaum;29009;Irec€;2903;Centro Norte Baiano;181;776;664;5403;1.7;179
Nordeste;29;BA;290590;Campo Alegre de Lourdes;29004;Juazeiro;2902;Vale S“o-Franciscano da Bahia;258;1383;1141;8368;1.5;256
Nordeste;29;BA;290600;Campo Formoso;29008;Senhor do Bonfim;2903;Centro Norte Baiano;1129;4573;3573;42546;2.1;1116
Nordeste;29;BA;290610;Canﬂpolis;29003;Santa Maria da Vitæria;2901;Extremo Oeste Baiano;80;608;538;3138;1.1;80
Nordeste;29;BA;290620;Canarana;29009;Irec€;2903;Centro Norte Baiano;229;953;785;6709;1.7;225
Nordeste;29;BA;290660;Candiba;29026;Guanambi;2906;Centro Sul Baiano;158;926;594;4630;1.5;157
Nordeste;29;BA;290710;Carinhanha;29007;Bom Jesus da Lapa;2902;Vale S“o-Franciscano da Bahia;262;1206;985;9047;1.8;259
Nordeste;29;BA;290720;Casa Nova;29004;Juazeiro;2902;Vale S“o-Franciscano da Bahia;562;6078;5645;56455;1.6;551
Nordeste;29;BA;290740;Catol‘ndia;29001;Barreiras;2901;Extremo Oeste Baiano;30;351;332;2577;1.4;30
Nordeste;29;BA;290755;Caturama;29022;Boquira;2906;Centro Sul Baiano;60;140;97;659;1.4;60
Nordeste;29;BA;290760;Central;29009;Irec€;2903;Centro Norte Baiano;165;871;740;5301;1.4;165
Nordeste;29;BA;290770;Chorrochæ;29005;Paulo Afonso;2902;Vale S“o-Franciscano da Bahia;94;452;339;2646;1.5;91
Nordeste;29;BA;290810;Cocos;29003;Santa Maria da Vitæria;2901;Extremo Oeste Baiano;241;1612;1388;13978;1.7;238
Nordeste;29;BA;290910;Coribe;29003;Santa Maria da Vitæria;2901;Extremo Oeste Baiano;186;690;540;4934;1.7;186
Nordeste;29;BA;290930;Correntina;29003;Santa Maria da Vitæria;2901;Extremo Oeste Baiano;549;3262;2760;35568;2.1;538
Nordeste;29;BA;290940;Cotegipe;29002;Cotegipe;2901;Extremo Oeste Baiano;92;1076;1004;7101;1.4;92
Nordeste;29;BA;290970;Cristæpolis;29002;Cotegipe;2901;Extremo Oeste Baiano;60;630;578;4225;1.4;60
Nordeste;29;BA;290990;Cura˛ﬂ;29004;Juazeiro;2902;Vale S“o-Franciscano da Bahia;454;1879;1617;16220;1.7;450
Nordeste;29;BA;291077;Feira da Mata;29007;Bom Jesus da Lapa;2902;Vale S“o-Franciscano da Bahia;74;118;13;101;1.6;73
Nordeste;29;BA;291110;Formosa do Rio Preto;29001;Barreiras;2901;Extremo Oeste Baiano;349;1393;1031;12597;2.1;343
Nordeste;29;BA;291130;Gentio do Ouro;29009;Irec€;2903;Centro Norte Baiano;46;353;321;2057;1.2;46
Nordeste;29;BA;291140;Glæria;29005;Paulo Afonso;2902;Vale S“o-Franciscano da Bahia;45;501;465;4824;1.3;45
Nordeste;29;BA;291170;Guanambi;29026;Guanambi;2906;Centro Sul Baiano;2412;9505;6917;66827;1.9;2359
Nordeste;29;BA;291240;Ibipeba;29009;Irec€;2903;Centro Norte Baiano;153;764;622;3985;1.2;150
Nordeste;29;BA;291250;Ibipitanga;29022;Boquira;2906;Centro Sul Baiano;217;661;501;2761;1.1;215
Nordeste;29;BA;291300;Ibitiara;29022;Boquira;2906;Centro Sul Baiano;173;665;555;5224;1.9;172
Nordeste;29;BA;291310;Ibititﬂ;29009;Irec€;2903;Centro Norte Baiano;168;720;637;1939;0.6;167
Nordeste;29;BA;291320;Ibotirama;29006;Barra;2902;Vale S“o-Franciscano da Bahia;841;2202;1458;14327;1.8;831
Nordeste;29;BA;291340;Igapor“;29026;Guanambi;2906;Centro Sul Baiano;179;684;543;4950;1.4;179
Nordeste;29;BA;291410;Ipupiara;29022;Boquira;2906;Centro Sul Baiano;147;592;473;3215;1.3;147
Nordeste;29;BA;291460;Irec€;29009;Irec€;2903;Centro Norte Baiano;1761;8726;6666;62473;1.8;1708
Nordeste;29;BA;291535;Itagua˛u da Bahia;29006;Barra;2902;Vale S“o-Franciscano da Bahia;51;485;441;3407;1.5;50
Nordeste;29;BA;291733;Iui∑;29026;Guanambi;2906;Centro Sul Baiano;134;548;451;3825;1.6;132
Nordeste;29;BA;291735;Jaborandi;29003;Santa Maria da Vitæria;2901;Extremo Oeste Baiano;113;884;784;7889;1.9;111
Nordeste;29;BA;291740;Jacaraci;29026;Guanambi;2906;Centro Sul Baiano;179;646;526;4259;1.5;178
Nordeste;29;BA;291750;Jacobina;29010;Jacobina;2903;Centro Norte Baiano;1725;9155;7230;81102;2;1676
Nordeste;29;BA;291770;Jaguarari;29008;Senhor do Bonfim;2903;Centro Norte Baiano;577;3416;2803;62891;3.9;574
Nordeste;29;BA;291810;Jeremoabo;29013;Jeremoabo;2904;Nordeste Baiano;309;2015;1447;11937;1.7;307
Nordeste;29;BA;291835;Jo“o Dourado;29009;Irec€;2903;Centro Norte Baiano;235;948;722;6649;1.7;231
Nordeste;29;BA;291840;Juazeiro;29004;Juazeiro;2902;Vale S“o-Franciscano da Bahia;3795;27584;23568;279028;2.2;3684
Nordeste;29;BA;291850;Jussara;29009;Irec€;2903;Centro Norte Baiano;132;403;324;2202;1.3;130
Nordeste;29;BA;291915;Lap“o;29009;Irec€;2903;Centro Norte Baiano;225;956;795;9182;1.7;221
Nordeste;29;BA;291955;Lu›s Eduardo Magalh“es;29001;Barreiras;2901;Extremo Oeste Baiano;1827;10546;8816;109868;2.3;1796
Nordeste;29;BA;291980;Maca∑bas;29022;Boquira;2906;Centro Sul Baiano;693;2258;1667;15936;1.8;685
Nordeste;29;BA;291990;Macurur⁄;29005;Paulo Afonso;2902;Vale S“o-Franciscano da Bahia;63;408;373;2104;1.1;63
Nordeste;29;BA;292020;Malhada;29026;Guanambi;2906;Centro Sul Baiano;129;626;538;4564;1.6;129
Nordeste;29;BA;292045;Mansid“o;29002;Cotegipe;2901;Extremo Oeste Baiano;71;674;650;3108;0.9;71
Nordeste;29;BA;292105;Matina;29026;Guanambi;2906;Centro Sul Baiano;87;451;415;3830;1.7;87
Nordeste;29;BA;292120;Miguel Calmon;29010;Jacobina;2903;Centro Norte Baiano;383;1758;1472;14136;1.9;380
Nordeste;29;BA;292140;Mirangaba;29010;Jacobina;2903;Centro Norte Baiano;96;741;655;5098;1.3;95
Nordeste;29;BA;292160;Morparﬂ;29006;Barra;2902;Vale S“o-Franciscano da Bahia;160;326;222;1560;1.3;160
Nordeste;29;BA;292170;Morro do Chap⁄u;29010;Jacobina;2903;Centro Norte Baiano;310;1428;1086;13242;1.4;307
Nordeste;29;BA;292180;Mortugaba;29026;Guanambi;2906;Centro Sul Baiano;213;578;369;3229;1.6;211
Nordeste;29;BA;292205;Mulungu do Morro;29009;Irec€;2903;Centro Norte Baiano;116;678;621;3635;1.1;116
Nordeste;29;BA;292225;Muqu⁄m de S“o Francisco;29006;Barra;2902;Vale S“o-Franciscano da Bahia;256;544;355;3619;1.7;256
Nordeste;29;BA;292303;Novo Horizonte;29022;Boquira;2906;Centro Sul Baiano;109;486;386;2967;1.5;109
Nordeste;29;BA;292320;Oliveira dos Brejinhos;29022;Boquira;2906;Centro Sul Baiano;310;1115;924;7936;1.6;309
Nordeste;29;BA;292335;Ourol‘ndia;29010;Jacobina;2903;Centro Norte Baiano;136;1127;987;6660;1.3;133
Nordeste;29;BA;292340;Palmas de Monte Alto;29026;Guanambi;2906;Centro Sul Baiano;271;898;721;9101;1.7;268
Nordeste;29;BA;292360;Paramirim;29025;Livramento do Brumado;2906;Centro Sul Baiano;334;978;675;5921;1.7;328
Nordeste;29;BA;292370;Paratinga;29007;Bom Jesus da Lapa;2902;Vale S“o-Franciscano da Bahia;358;402;157;1443;1.7;356
Nordeste;29;BA;292400;Paulo Afonso;29005;Paulo Afonso;2902;Vale S“o-Franciscano da Bahia;1952;12979;10874;148802;2.6;1859
Nordeste;29;BA;292420;Pedro Alexandre;29013;Jeremoabo;2904;Nordeste Baiano;100;602;144;1032;1.3;100
Nordeste;29;BA;292430;Piat“;29023;Seabra;2906;Centro Sul Baiano;211;817;685;5283;1.5;209
Nordeste;29;BA;292440;Pil“o Arcado;29004;Juazeiro;2902;Vale S“o-Franciscano da Bahia;323;2032;1614;9524;1.1;320
Nordeste;29;BA;292450;Pinda›;29026;Guanambi;2906;Centro Sul Baiano;181;516;444;5069;1.8;180
Nordeste;29;BA;292560;Presidente Dutra;29009;Irec€;2903;Centro Norte Baiano;121;684;445;3474;1.5;121
Nordeste;29;BA;292600;Remanso;29004;Juazeiro;2902;Vale S“o-Franciscano da Bahia;636;2803;2121;17650;1.5;617
Nordeste;29;BA;292620;Riach“o das Neves;29001;Barreiras;2901;Extremo Oeste Baiano;101;1149;1045;11530;1.6;99
Nordeste;29;BA;292640;Riacho de Santana;29026;Guanambi;2906;Centro Sul Baiano;440;1359;968;8054;1.5;433
Nordeste;29;BA;292670;Rio de Contas;29023;Seabra;2906;Centro Sul Baiano;128;640;518;4256;1.6;128
Nordeste;29;BA;292690;Rio do Pires;29025;Livramento do Brumado;2906;Centro Sul Baiano;150;632;504;3214;1.2;148
Nordeste;29;BA;292710;Rodelas;29005;Paulo Afonso;2902;Vale S“o-Franciscano da Bahia;106;483;410;3138;1.4;104
Nordeste;29;BA;292760;Santa Br›gida;29013;Jeremoabo;2904;Nordeste Baiano;141;776;693;5708;1.4;137
Nordeste;29;BA;292810;Santa Maria da Vitæria;29003;Santa Maria da Vitæria;2901;Extremo Oeste Baiano;841;3024;2106;20586;1.8;829
Nordeste;29;BA;292820;Santana;29003;Santa Maria da Vitæria;2901;Extremo Oeste Baiano;355;1480;1074;8610;1.5;350
Nordeste;29;BA;292840;Santa Rita de Cﬂssia;29002;Cotegipe;2901;Extremo Oeste Baiano;213;1035;870;7101;1.6;210
Nordeste;29;BA;292890;S“o Desid⁄rio;29001;Barreiras;2901;Extremo Oeste Baiano;269;2920;2673;38814;2.5;259
Nordeste;29;BA;292905;S“o F⁄lix do Coribe;29003;Santa Maria da Vitæria;2901;Extremo Oeste Baiano;317;1141;789;5340;1.3;315
Nordeste;29;BA;292925;S“o Gabriel;29009;Irec€;2903;Centro Norte Baiano;227;823;693;5462;1.5;226
Nordeste;29;BA;292990;Seabra;29023;Seabra;2906;Centro Sul Baiano;828;3114;2263;24624;2.1;808
Nordeste;29;BA;293000;Sebasti“o Laranjeiras;29026;Guanambi;2906;Centro Sul Baiano;114;599;506;4641;1.7;114
Nordeste;29;BA;293015;Serra do Ramalho;29007;Bom Jesus da Lapa;2902;Vale S“o-Franciscano da Bahia;318;1562;1329;13137;1.4;315
Nordeste;29;BA;293020;Sento S⁄;29004;Juazeiro;2902;Vale S“o-Franciscano da Bahia;287;2093;1863;22788;1.8;281
Nordeste;29;BA;293030;Serra Dourada;29003;Santa Maria da Vitæria;2901;Extremo Oeste Baiano;214;920;726;4834;1.3;214
Nordeste;29;BA;293075;S›tio do Mato;29007;Bom Jesus da Lapa;2902;Vale S“o-Franciscano da Bahia;87;128;62;1280;1.2;87
Nordeste;29;BA;293077;Sobradinho;29004;Juazeiro;2902;Vale S“o-Franciscano da Bahia;295;1616;1146;15758;2.4;289
Nordeste;29;BA;293080;Souto Soares;29009;Irec€;2903;Centro Norte Baiano;123;601;535;4724;1.7;122
Nordeste;29;BA;293090;Tabocas do Brejo Velho;29002;Cotegipe;2901;Extremo Oeste Baiano;118;648;532;3024;1.1;118
Nordeste;29;BA;293105;Tanque Novo;29022;Boquira;2906;Centro Sul Baiano;201;986;788;6221;1.7;198
Nordeste;29;BA;293200;Uauﬂ;29014;Euclides da Cunha;2904;Nordeste Baiano;312;1786;1569;9544;1.3;312
Nordeste;29;BA;293240;Uiba›;29009;Irec€;2903;Centro Norte Baiano;113;647;526;4106;1.3;112
Nordeste;29;BA;293245;Umburanas;29008;Senhor do Bonfim;2903;Centro Norte Baiano;71;565;511;2239;1.1;71
Nordeste;29;BA;293260;Urandi;29026;Guanambi;2906;Centro Sul Baiano;265;1013;733;8031;1.9;257
Nordeste;29;BA;293315;Vﬂrzea Nova;29010;Jacobina;2903;Centro Norte Baiano;144;684;556;6504;1.8;142
Nordeste;29;BA;293345;Wanderley;29002;Cotegipe;2901;Extremo Oeste Baiano;114;501;397;3236;1.4;114
Nordeste;29;BA;293360;Xique-Xique;29006;Barra;2902;Vale S“o-Franciscano da Bahia;485;3230;2709;19772;1.5;476
Sudeste;31;MG;310020;Abaet⁄;31024;Tr€s Marias;3106;Central Mineira;678;3971;3165;31790;1.9;657
Sudeste;31;MG;310320;Ara˛a›;31027;Sete Lagoas;3107;Metropolitana de Belo Horizonte;52;587;544;4553;1.6;52
Sudeste;31;MG;310380;Arapuﬂ;31020;Patos de Minas;3105;Tri‘ngulo Mineiro/Alto Parana›ba;25;372;353;3140;1.7;25
Sudeste;31;MG;310390;Ara∑jos;31026;Bom Despacho;3106;Central Mineira;308;1942;1517;11891;1.5;305
Sudeste;31;MG;310420;Arcos;31044;Formiga;3109;Oeste de Minas;1592;9768;7717;90353;2.2;1560
Sudeste;31;MG;310450;Arinos;31001;Una›;3101;Noroeste de Minas;302;1106;817;9952;1.6;291
Sudeste;31;MG;310480;Augusto de Lima;31025;Curvelo;3106;Central Mineira;92;774;706;5365;1.5;92
Sudeste;31;MG;310510;Bambu›;31042;Piu›;3109;Oeste de Minas;587;3346;2658;37382;2.4;573
Sudeste;31;MG;310700;Biquinhas;31024;Tr€s Marias;3106;Central Mineira;86;308;224;2705;1.9;84
Sudeste;31;MG;310730;Bocai∑va;31009;Bocai∑va;3102;Norte de Minas;1260;7239;6111;64382;1.9;1240
Sudeste;31;MG;310740;Bom Despacho;31026;Bom Despacho;3106;Central Mineira;1305;9430;7603;79544;1.9;1254
Sudeste;31;MG;310820;Bonfinæpolis de Minas;31001;Una›;3101;Noroeste de Minas;171;672;520;5337;1.8;170
Sudeste;31;MG;310825;Bonito de Minas;31003;Januﬂria;3102;Norte de Minas;64;328;304;1705;1.1;64
Sudeste;31;MG;310855;Brasil‘ndia de Minas;31002;Paracatu;3101;Noroeste de Minas;262;1577;1181;13782;1.9;255
Sudeste;31;MG;310860;Bras›lia de Minas;31007;Montes Claros;3102;Norte de Minas;523;2875;2311;18071;1.4;516
Sudeste;31;MG;310920;Buenæpolis;31025;Curvelo;3106;Central Mineira;352;917;647;5518;1.6;348
Sudeste;31;MG;310930;Buritis;31001;Una›;3101;Noroeste de Minas;386;1958;1544;17135;1.9;377
Sudeste;31;MG;310940;Buritizeiro;31006;Pirapora;3102;Norte de Minas;476;3861;3391;32792;1.6;469
Sudeste;31;MG;310945;Cabeceira Grande;31001;Una›;3101;Noroeste de Minas;72;522;459;4962;2.2;71
Sudeste;31;MG;310990;Caetanæpolis;31027;Sete Lagoas;3107;Metropolitana de Belo Horizonte;293;2101;1767;16485;1.7;286
Sudeste;31;MG;311115;Campo Azul;31007;Montes Claros;3102;Norte de Minas;26;265;245;1356;1.1;26
Sudeste;31;MG;311150;Campos Altos;31023;Araxﬂ;3105;Tri‘ngulo Mineiro/Alto Parana›ba;405;1697;1158;14318;2;398
Sudeste;31;MG;311270;Capit“o En⁄as;31007;Montes Claros;3102;Norte de Minas;209;1327;1154;12737;1.9;206
Sudeste;31;MG;311400;Carmo da Mata;31046;Oliveira;3109;Oeste de Minas;321;1801;1465;14656;1.9;314
Sudeste;31;MG;311420;Carmo do Cajuru;31043;Divinæpolis;3109;Oeste de Minas;614;3635;3048;34227;2.1;603
Sudeste;31;MG;311430;Carmo do Parana›ba;31020;Patos de Minas;3105;Tri‘ngulo Mineiro/Alto Parana›ba;553;3831;3074;32720;2;540
Sudeste;31;MG;311450;Carmæpolis de Minas;31046;Oliveira;3109;Oeste de Minas;360;3049;2537;24843;1.8;352
Sudeste;31;MG;311490;Casa Grande;31034;Conselheiro Lafaiete;3107;Metropolitana de Belo Horizonte;33;249;217;2067;1.7;33
Sudeste;31;MG;311547;Catuti;31004;Jana∑ba;3102;Norte de Minas;87;391;343;2772;1.6;87
Sudeste;31;MG;311560;Cedro do Abaet⁄;31024;Tr€s Marias;3106;Central Mineira;18;124;116;1815;2.6;18
Sudeste;31;MG;311615;Chapada Ga∑cha;31003;Januﬂria;3102;Norte de Minas;170;703;554;4347;1.6;169
Sudeste;31;MG;311650;Claro dos Po˛ßes;31007;Montes Claros;3102;Norte de Minas;117;772;670;7576;2.1;117
Sudeste;31;MG;311660;Clﬂudio;31043;Divinæpolis;3109;Oeste de Minas;804;7819;6573;64932;1.9;784
Sudeste;31;MG;311750;Concei˛“o do Mato Dentro;31028;Concei˛“o do Mato Dentro;3107;Metropolitana de Belo Horizonte;237;1177;991;8969;1.8;235
Sudeste;31;MG;311760;Concei˛“o do Parﬂ;31043;Divinæpolis;3109;Oeste de Minas;172;1611;1462;26698;3.4;170
Sudeste;31;MG;311783;C∂nego Marinho;31003;Januﬂria;3102;Norte de Minas;72;335;293;2516;1.8;71
Sudeste;31;MG;311800;Congonhas;31034;Conselheiro Lafaiete;3107;Metropolitana de Belo Horizonte;1254;12749;11205;200270;3.4;1232
Sudeste;31;MG;311810;Congonhas do Norte;31028;Concei˛“o do Mato Dentro;3107;Metropolitana de Belo Horizonte;37;209;176;2540;1.8;37
Sudeste;31;MG;311830;Conselheiro Lafaiete;31034;Conselheiro Lafaiete;3107;Metropolitana de Belo Horizonte;3150;20003;15537;172199;2;3068
Sudeste;31;MG;311880;Cora˛“o de Jesus;31007;Montes Claros;3102;Norte de Minas;355;994;780;9940;1.5;352
Sudeste;31;MG;311890;Cordisburgo;31027;Sete Lagoas;3107;Metropolitana de Belo Horizonte;182;695;499;5269;1.8;178
Sudeste;31;MG;311910;Corinto;31025;Curvelo;3106;Central Mineira;628;2094;1561;25816;2.5;613
Sudeste;31;MG;311980;Cærrego Danta;31042;Piu›;3109;Oeste de Minas;73;330;274;2708;1.8;73
Sudeste;31;MG;311995;Cærrego Fundo;31044;Formiga;3109;Oeste de Minas;212;1475;1233;12107;1.8;210
Sudeste;31;MG;312040;Cristiano Otoni;31034;Conselheiro Lafaiete;3107;Metropolitana de Belo Horizonte;101;588;475;4058;1.6;100
Sudeste;31;MG;312060;Crucil‘ndia;31032;Itaguara;3107;Metropolitana de Belo Horizonte;96;555;449;4112;1.8;96
Sudeste;31;MG;312090;Curvelo;31025;Curvelo;3106;Central Mineira;2421;16089;13289;123524;1.7;2349
Sudeste;31;MG;312100;Datas;31010;Diamantina;3103;Jequitinhonha;80;392;340;3390;1.9;79
Sudeste;31;MG;312140;Desterro de Entre Rios;31034;Conselheiro Lafaiete;3107;Metropolitana de Belo Horizonte;100;457;354;3380;1.7;100
Sudeste;31;MG;312160;Diamantina;31010;Diamantina;3103;Jequitinhonha;1140;7538;6225;80790;2.5;1098
Sudeste;31;MG;312230;Divinæpolis;31043;Divinæpolis;3109;Oeste de Minas;7701;59396;48126;590933;2.4;7221
Sudeste;31;MG;312247;Dom Bosco;31001;Una›;3101;Noroeste de Minas;78;205;145;1691;1.6;78
Sudeste;31;MG;312320;Dores do Indaiﬂ;31026;Bom Despacho;3106;Central Mineira;481;2259;1648;14895;1.7;475
Sudeste;31;MG;312340;Doresæpolis;31042;Piu›;3109;Oeste de Minas;46;216;180;2559;2.4;46
Sudeste;31;MG;312380;Engenheiro Navarro;31009;Bocai∑va;3102;Norte de Minas;119;532;456;4049;1.4;117
Sudeste;31;MG;312390;Entre Rios de Minas;31034;Conselheiro Lafaiete;3107;Metropolitana de Belo Horizonte;448;1912;1335;12609;1.8;446
Sudeste;31;MG;312430;Espinosa;31004;Jana∑ba;3102;Norte de Minas;545;2847;2172;16248;1.4;528
Sudeste;31;MG;312470;Estrela do Indaiﬂ;31026;Bom Despacho;3106;Central Mineira;72;418;343;3515;1.9;69
Sudeste;31;MG;312570;Felixl‘ndia;31025;Curvelo;3106;Central Mineira;292;1714;1465;19158;2.1;287
Sudeste;31;MG;312610;Formiga;31044;Formiga;3109;Oeste de Minas;2117;16804;14116;140247;1.8;2053
Sudeste;31;MG;312620;Formoso;31001;Una›;3101;Noroeste de Minas;80;425;314;4982;2.1;78
Sudeste;31;MG;312660;Francisco Dumont;31009;Bocai∑va;3102;Norte de Minas;123;629;549;4818;1.4;121
Sudeste;31;MG;312670;Francisco Sﬂ;31007;Montes Claros;3102;Norte de Minas;634;1927;1298;14692;1.7;628
Sudeste;31;MG;312733;Gameleiras;31004;Jana∑ba;3102;Norte de Minas;59;186;148;2680;1.3;59
Sudeste;31;MG;312735;Glaucil‘ndia;31007;Montes Claros;3102;Norte de Minas;33;224;195;1905;1.3;33
Sudeste;31;MG;312760;Gouveia;31010;Diamantina;3103;Jequitinhonha;323;1903;1582;13553;1.5;319
Sudeste;31;MG;312825;Guaraciama;31009;Bocai∑va;3102;Norte de Minas;87;391;330;2462;1.3;87
Sudeste;31;MG;312860;Guarda-Mor;31002;Paracatu;3101;Noroeste de Minas;174;711;529;6601;2;173
Sudeste;31;MG;312960;Ibia›;31006;Pirapora;3102;Norte de Minas;135;319;204;2814;1.7;135
Sudeste;31;MG;312965;Ibiracatu;31007;Montes Claros;3102;Norte de Minas;59;443;412;2687;1.3;59
Sudeste;31;MG;313005;Icara› de Minas;31003;Januﬂria;3102;Norte de Minas;92;322;271;2377;1.5;92
Sudeste;31;MG;313020;Igaratinga;31043;Divinæpolis;3109;Oeste de Minas;253;2262;1922;17372;1.7;248
Sudeste;31;MG;313030;Iguatama;31042;Piu›;3109;Oeste de Minas;230;1256;961;16559;2.7;230
Sudeste;31;MG;313110;Inimutaba;31025;Curvelo;3106;Central Mineira;79;875;812;8012;1.7;79
Sudeste;31;MG;313210;Itacarambi;31003;Januﬂria;3102;Norte de Minas;478;2324;1787;17743;1.7;472
Sudeste;31;MG;313350;Itapecerica;31044;Formiga;3109;Oeste de Minas;512;3179;2568;27713;2.1;496
Sudeste;31;MG;313390;Itaverava;31034;Conselheiro Lafaiete;3107;Metropolitana de Belo Horizonte;57;408;352;2232;1.2;57
Sudeste;31;MG;313505;Ja›ba;31004;Jana∑ba;3102;Norte de Minas;513;3665;2992;24724;1.6;503
Sudeste;31;MG;313510;Jana∑ba;31004;Jana∑ba;3102;Norte de Minas;1501;10199;8547;82045;1.9;1467
Sudeste;31;MG;313520;Januﬂria;31003;Januﬂria;3102;Norte de Minas;1402;5237;3930;41399;2.1;1385
Sudeste;31;MG;313530;Japara›ba;31026;Bom Despacho;3106;Central Mineira;87;727;601;5257;1.5;86
Sudeste;31;MG;313535;Japonvar;31007;Montes Claros;3102;Norte de Minas;83;408;342;2324;1.3;83
Sudeste;31;MG;313540;Jeceaba;31032;Itaguara;3107;Metropolitana de Belo Horizonte;97;437;346;4353;2.1;97
Sudeste;31;MG;313560;Jequita›;31006;Pirapora;3102;Norte de Minas;155;653;510;4514;1.4;152
Sudeste;31;MG;313570;Jequitibﬂ;31027;Sete Lagoas;3107;Metropolitana de Belo Horizonte;164;766;568;4757;1.6;164
Sudeste;31;MG;313630;Jo“o Pinheiro;31002;Paracatu;3101;Noroeste de Minas;1209;8990;7337;77776;1.8;1177
Sudeste;31;MG;313640;Joaquim Fel›cio;31025;Curvelo;3106;Central Mineira;83;419;354;3021;1.3;83
Sudeste;31;MG;313680;Juramento;31007;Montes Claros;3102;Norte de Minas;58;361;312;2087;1.2;58
Sudeste;31;MG;313695;Juven›lia;31003;Januﬂria;3102;Norte de Minas;69;366;305;2003;1.7;69
Sudeste;31;MG;313710;Lagamar;31002;Paracatu;3101;Noroeste de Minas;166;992;764;10952;2.4;165
Sudeste;31;MG;313720;Lagoa da Prata;31026;Bom Despacho;3106;Central Mineira;1302;10956;9414;115314;2.3;1272
Sudeste;31;MG;313730;Lagoa dos Patos;31006;Pirapora;3102;Norte de Minas;62;331;311;1861;1.1;62
Sudeste;31;MG;313740;Lagoa Dourada;31058;S“o Jo“o Del Rei;3111;Campo das Vertentes;216;1105;842;8261;1.9;210
Sudeste;31;MG;313750;Lagoa Formosa;31020;Patos de Minas;3105;Tri‘ngulo Mineiro/Alto Parana›ba;287;1423;1118;10895;1.8;282
Sudeste;31;MG;313753;Lagoa Grande;31002;Paracatu;3101;Noroeste de Minas;219;1040;842;6295;1.5;217
Sudeste;31;MG;313810;Lassance;31006;Pirapora;3102;Norte de Minas;84;727;669;6978;2;84
Sudeste;31;MG;313830;Leandro Ferreira;31026;Bom Despacho;3106;Central Mineira;60;255;214;3307;2.3;59
Sudeste;31;MG;313865;Lontra;31007;Montes Claros;3102;Norte de Minas;124;304;215;2472;2.2;124
Sudeste;31;MG;313868;Luisl‘ndia;31007;Montes Claros;3102;Norte de Minas;66;334;302;2375;1.4;65
Sudeste;31;MG;313880;Luz;31026;Bom Despacho;3106;Central Mineira;449;3002;2421;23742;1.9;440
Sudeste;31;MG;313925;Mamonas;31004;Jana∑ba;3102;Norte de Minas;49;299;253;1438;1.1;47
Sudeste;31;MG;313930;Manga;31003;Januﬂria;3102;Norte de Minas;417;1631;1298;11142;1.5;410
Sudeste;31;MG;313970;Maravilhas;31027;Sete Lagoas;3107;Metropolitana de Belo Horizonte;180;1215;1039;9422;1.6;176
Sudeste;31;MG;314050;Martinho Campos;31026;Bom Despacho;3106;Central Mineira;388;3724;3227;32270;1.7;373
Sudeste;31;MG;314085;Matias Cardoso;31003;Januﬂria;3102;Norte de Minas;91;408;312;5710;1.7;89
Sudeste;31;MG;314100;Mato Verde;31004;Jana∑ba;3102;Norte de Minas;263;892;630;5030;1.6;261
Sudeste;31;MG;314120;Matutina;31020;Patos de Minas;3105;Tri‘ngulo Mineiro/Alto Parana›ba;86;464;355;3148;1.7;85
Sudeste;31;MG;314130;Medeiros;31042;Piu›;3109;Oeste de Minas;41;325;291;2343;1.4;41
Sudeste;31;MG;314200;Mirabela;31007;Montes Claros;3102;Norte de Minas;259;943;691;7184;1.9;256
Sudeste;31;MG;314225;Mirav‘nia;31003;Januﬂria;3102;Norte de Minas;40;105;72;2525;1.7;40
Sudeste;31;MG;314240;Moema;31026;Bom Despacho;3106;Central Mineira;299;790;493;5881;1.7;298
Sudeste;31;MG;314250;Monjolos;31025;Curvelo;3106;Central Mineira;26;218;199;1942;1.7;26
Sudeste;31;MG;314270;Montalv‘nia;31003;Januﬂria;3102;Norte de Minas;323;1127;818;6859;1.6;323
Sudeste;31;MG;314290;Monte Azul;31004;Jana∑ba;3102;Norte de Minas;630;1865;1302;11185;1.6;627
Sudeste;31;MG;314330;Montes Claros;31007;Montes Claros;3102;Norte de Minas;9497;70691;59354;691296;2.2;9127
Sudeste;31;MG;314350;Morada Nova de Minas;31024;Tr€s Marias;3106;Central Mineira;268;1199;987;10404;1.9;266
Sudeste;31;MG;314360;Morro da Gar˛a;31025;Curvelo;3106;Central Mineira;83;382;323;4186;1.5;83
Sudeste;31;MG;314437;Natal‘ndia;31001;Una›;3101;Noroeste de Minas;56;300;257;2446;1.7;56
Sudeste;31;MG;314505;Nova Porteirinha;31004;Jana∑ba;3102;Norte de Minas;90;684;620;6789;1.8;89
Sudeste;31;MG;314520;Nova Serrana;31043;Divinæpolis;3109;Oeste de Minas;2033;23232;20378;167635;1.5;2015
Sudeste;31;MG;314560;Oliveira;31046;Oliveira;3109;Oeste de Minas;1046;7105;5720;54158;1.8;1005
Sudeste;31;MG;314580;On˛a de Pitangui;31029;Parﬂ de Minas;3107;Metropolitana de Belo Horizonte;47;233;195;2228;2.2;46
Sudeste;31;MG;314590;Ouro Branco;31034;Conselheiro Lafaiete;3107;Metropolitana de Belo Horizonte;1273;17269;15709;427966;5.2;1253
Sudeste;31;MG;314610;Ouro Preto;31033;Ouro Preto;3107;Metropolitana de Belo Horizonte;1994;16876;14372;252705;3.4;1906
Sudeste;31;MG;314640;Paineiras;31024;Tr€s Marias;3106;Central Mineira;154;633;445;3832;1.6;152
Sudeste;31;MG;314650;Pains;31044;Formiga;3109;Oeste de Minas;253;2245;1882;19280;1.9;252
Sudeste;31;MG;314655;Pai Pedro;31004;Jana∑ba;3102;Norte de Minas;38;488;471;3007;1.2;38
Sudeste;31;MG;314690;Papagaios;31027;Sete Lagoas;3107;Metropolitana de Belo Horizonte;468;3396;2969;29296;1.8;453
Sudeste;31;MG;314700;Paracatu;31002;Paracatu;3101;Noroeste de Minas;2140;15563;12961;216957;2.8;2072
Sudeste;31;MG;314740;Paraopeba;31027;Sete Lagoas;3107;Metropolitana de Belo Horizonte;707;4865;4048;38664;1.8;699
Sudeste;31;MG;314770;Passa Tempo;31046;Oliveira;3109;Oeste de Minas;145;1024;881;7969;1.7;142
Sudeste;31;MG;314795;Patis;31007;Montes Claros;3102;Norte de Minas;43;306;263;2416;1.6;43
Sudeste;31;MG;314800;Patos de Minas;31020;Patos de Minas;3105;Tri‘ngulo Mineiro/Alto Parana›ba;4661;32282;26064;297088;2.2;4499
Sudeste;31;MG;314890;Pedra do Indaiﬂ;31044;Formiga;3109;Oeste de Minas;84;709;634;7743;2.2;84
Sudeste;31;MG;314915;Pedras de Maria da Cruz;31003;Januﬂria;3102;Norte de Minas;163;552;405;4280;1.8;162
Sudeste;31;MG;314960;Pequi;31027;Sete Lagoas;3107;Metropolitana de Belo Horizonte;72;416;319;2759;1.7;72
Sudeste;31;MG;314970;Perdig“o;31043;Divinæpolis;3109;Oeste de Minas;256;1573;1240;11259;1.6;256
Sudeste;31;MG;315040;Piedade dos Gerais;31032;Itaguara;3107;Metropolitana de Belo Horizonte;71;322;258;2396;1.6;70
Sudeste;31;MG;315050;Pimenta;31044;Formiga;3109;Oeste de Minas;160;961;824;10817;1.7;159
Sudeste;31;MG;315057;Pintæpolis;31003;Januﬂria;3102;Norte de Minas;99;433;372;3161;1.5;99
Sudeste;31;MG;315060;Piracema;31046;Oliveira;3109;Oeste de Minas;116;518;407;3985;1.7;115
Sudeste;31;MG;315120;Pirapora;31006;Pirapora;3102;Norte de Minas;1650;11304;9902;119414;2.3;1599
Sudeste;31;MG;315140;Pitangui;31029;Parﬂ de Minas;3107;Metropolitana de Belo Horizonte;687;4813;4012;39635;1.9;664
Sudeste;31;MG;315150;Piumhi;31042;Piu›;3109;Oeste de Minas;1190;5592;4269;42691;1.9;1151
Sudeste;31;MG;315200;Pomp⁄u;31024;Tr€s Marias;3106;Central Mineira;868;5049;4173;43100;2;837
Sudeste;31;MG;315213;Ponto Chique;31007;Montes Claros;3102;Norte de Minas;37;337;294;2181;1.4;37
Sudeste;31;MG;315220;Porteirinha;31004;Jana∑ba;3102;Norte de Minas;745;2206;1534;15276;1.6;735
Sudeste;31;MG;315320;Presidente Juscelino;31025;Curvelo;3106;Central Mineira;62;337;286;2544;1.7;62
Sudeste;31;MG;315330;Presidente Kubitschek;31010;Diamantina;3103;Jequitinhonha;45;289;265;2452;1.6;45
Sudeste;31;MG;315340;Presidente Olegﬂrio;31002;Paracatu;3101;Noroeste de Minas;267;1490;1208;17941;2.3;264
Sudeste;31;MG;315370;Quartel Geral;31026;Bom Despacho;3106;Central Mineira;61;369;312;3228;1.9;61
Sudeste;31;MG;315380;Queluzito;31034;Conselheiro Lafaiete;3107;Metropolitana de Belo Horizonte;31;171;131;2307;2.7;30
Sudeste;31;MG;315420;Resende Costa;31058;S“o Jo“o Del Rei;3111;Campo das Vertentes;389;1240;804;7169;1.7;374
Sudeste;31;MG;315445;Riachinho;31006;Pirapora;3102;Norte de Minas;115;336;244;3868;2.1;111
Sudeste;31;MG;315450;Riacho dos Machados;31004;Jana∑ba;3102;Norte de Minas;127;906;787;7147;1.5;127
Sudeste;31;MG;315550;Rio Parana›ba;31020;Patos de Minas;3105;Tri‘ngulo Mineiro/Alto Parana›ba;169;1248;1038;12250;1.9;168
Sudeste;31;MG;315760;Santa F⁄ de Minas;31006;Pirapora;3102;Norte de Minas;41;281;249;2018;1.3;41
Sudeste;31;MG;315850;Santana de Pirapama;31027;Sete Lagoas;3107;Metropolitana de Belo Horizonte;54;418;350;3742;1.7;54
Sudeste;31;MG;315900;Santana do Riacho;31027;Sete Lagoas;3107;Metropolitana de Belo Horizonte;101;503;376;3722;1.8;100
Sudeste;31;MG;315970;Santa Rosa da Serra;31020;Patos de Minas;3105;Tri‘ngulo Mineiro/Alto Parana›ba;34;328;306;3250;2;34
Sudeste;31;MG;316040;Santo Ant∂nio do Monte;31043;Divinæpolis;3109;Oeste de Minas;833;5454;4477;36660;1.5;818
Sudeste;31;MG;316060;Santo Hipælito;31025;Curvelo;3106;Central Mineira;62;319;294;2395;1.5;62
Sudeste;31;MG;316090;S“o Brﬂs do Sua˛u›;31034;Conselheiro Lafaiete;3107;Metropolitana de Belo Horizonte;129;537;379;4239;1.9;128
Sudeste;31;MG;316110;S“o Francisco;31003;Januﬂria;3102;Norte de Minas;859;3101;2423;26227;1.8;849
Sudeste;31;MG;316120;S“o Francisco de Paula;31046;Oliveira;3109;Oeste de Minas;132;605;470;4710;1.9;131
Sudeste;31;MG;316170;S“o Gon˛alo do Abaet⁄;31002;Paracatu;3101;Noroeste de Minas;210;1040;839;9367;2;206
Sudeste;31;MG;316180;S“o Gon˛alo do Parﬂ;31043;Divinæpolis;3109;Oeste de Minas;221;2438;2093;17890;1.7;220
Sudeste;31;MG;316210;S“o Gotardo;31020;Patos de Minas;3105;Tri‘ngulo Mineiro/Alto Parana›ba;735;4159;3169;36873;2.1;720
Sudeste;31;MG;316225;S“o Jo“o da Lagoa;31007;Montes Claros;3102;Norte de Minas;56;277;259;1611;1.3;56
Sudeste;31;MG;316240;S“o Jo“o da Ponte;31007;Montes Claros;3102;Norte de Minas;230;1222;1077;7582;1.3;224
Sudeste;31;MG;316245;S“o Jo“o das Missßes;31003;Januﬂria;3102;Norte de Minas;75;399;348;2929;1.5;75
Sudeste;31;MG;316265;S“o Jo“o do Pacu›;31007;Montes Claros;3102;Norte de Minas;30;209;200;1221;1.2;30
Sudeste;31;MG;316420;S“o Rom“o;31006;Pirapora;3102;Norte de Minas;149;543;411;4626;1.7;149
Sudeste;31;MG;316430;S“o Roque de Minas;31042;Piu›;3109;Oeste de Minas;146;684;541;6173;1.9;143
Sudeste;31;MG;316460;S“o Sebasti“o do Oeste;31043;Divinæpolis;3109;Oeste de Minas;77;1802;1725;16422;1.8;75
Sudeste;31;MG;316660;Serra da Saudade;31026;Bom Despacho;3106;Central Mineira;13;220;210;1818;1.6;13
Sudeste;31;MG;316695;Serranæpolis de Minas;31004;Jana∑ba;3102;Norte de Minas;40;277;263;1918;1.4;40
Sudeste;31;MG;316820;Tapira›;31042;Piu›;3109;Oeste de Minas;17;167;160;1524;1.8;17
Sudeste;31;MG;316890;Tiros;31020;Patos de Minas;3105;Tri‘ngulo Mineiro/Alto Parana›ba;167;606;419;5323;2.1;167
Sudeste;31;MG;316935;Tr€s Marias;31024;Tr€s Marias;3106;Central Mineira;883;5676;4798;73035;2.8;870
Sudeste;31;MG;317000;Uba›;31007;Montes Claros;3102;Norte de Minas;203;571;440;3012;1.3;203
Sudeste;31;MG;317040;Una›;31001;Una›;3101;Noroeste de Minas;2160;12739;9800;112069;2.2;2115
Sudeste;31;MG;317047;Uruana de Minas;31001;Una›;3101;Noroeste de Minas;44;207;161;2576;1.9;44
Sudeste;31;MG;317052;Urucuia;31003;Januﬂria;3102;Norte de Minas;122;816;686;6423;1.7;120
Sudeste;31;MG;317060;Vargem Bonita;31042;Piu›;3109;Oeste de Minas;49;222;184;2132;2;49
Sudeste;31;MG;317075;Varj“o de Minas;31002;Paracatu;3101;Noroeste de Minas;126;565;444;4222;1.7;123
Sudeste;31;MG;317080;Vﬂrzea da Palma;31006;Pirapora;3102;Norte de Minas;940;6262;5491;67952;2.1;911
Sudeste;31;MG;317090;Varzel‘ndia;31007;Montes Claros;3102;Norte de Minas;267;1199;981;6260;1.3;263
Sudeste;31;MG;317100;Vazante;31002;Paracatu;3101;Noroeste de Minas;585;3295;2642;52647;3.3;583
Sudeste;31;MG;317103;Verdel‘ndia;31007;Montes Claros;3102;Norte de Minas;53;219;167;5116;1.4;51
